{"type": "FeatureCollection", "features": [{"type": "Feature", "properties": {"shapeID": "83157122B96959932745266", "shapeName": "Bas-Sassandra"}, "geometry": {"type": "Polygon", "coordinates": [[[-6.41212, 6.16421], [-6.39972, 6.133], [-6.38051, 6.09839], [-6.35556, 6.03407], [-6.29009, 5.93585], [-6.29109, 5.91221], [-6.28021, 5.90139], [-6.27574, 5.88953], [-6.27946, 5.88328], [-6.2772, 5.86598], [-6.26708, 5.86018], [-6.26623, 5.85289], [-6.24968, 5.84493], [-6.24259, 5.82291], [-6.24707, 5.80581], [-6.24029, 5.79504], [-6.2296, 5.78667], [-6.2304, 5.77137], [-6.22715, 5.76939], [-6.23136, 5.76272], [-6.22677, 5.76335], [-6.22027, 5.7552], [-6.22396, 5.75234], [-6.22332, 5.74547], [-6.22923, 5.73959], [-6.23164, 5.72735], [-6.22148, 5.71192], [-6.22657, 5.70538], [-6.22669, 5.69613], [-6.22393, 5.69553], [-6.18893, 5.76988], [-6.11656, 5.77204], [-6.10352, 5.76706], [-6.10588, 5.75401], [-6.10164, 5.75312], [-6.09734, 5.74645], [-6.09061, 5.74969], [-6.06757, 5.73622], [-6.07064, 5.72908], [-6.06842, 5.72596], [-6.07639, 5.71941], [-6.07138, 5.70834], [-6.07671, 5.69487], [-6.06924, 5.69675], [-6.0656, 5.70847], [-6.05043, 5.67274], [-6.04137, 5.66551], [-6.04238, 5.6616], [-6.0343, 5.65368], [-6.02758, 5.65526], [-6.02734, 5.64302], [-6.02205, 5.63854], [-6.02054, 5.64172], [-6.017, 5.63978], [-6.01586, 5.63359], [-6.0217, 5.6276], [-6.02049, 5.60805], [-6.03492, 5.60396], [-6.02427, 5.59993], [-6.02754, 5.59129], [-6.02257, 5.57394], [-6.00822, 5.54684], [-6.00155, 5.54698], [-6.0016, 5.53962], [-5.99546, 5.52611], [-5.99096, 5.52359], [-5.98154, 5.52531], [-5.97855, 5.5225], [-5.95319, 5.53062], [-5.93612, 5.52806], [-5.92185, 5.53342], [-5.91346, 5.54189], [-5.87324, 5.53604], [-5.86124, 5.54182], [-5.82287, 5.52868], [-5.81765, 5.53268], [-5.79209, 5.53669], [-5.78383, 5.543], [-5.78063, 5.55079], [-5.773, 5.55431], [-5.76973, 5.56396], [-5.77056, 5.57536], [-5.76525, 5.58501], [-5.75635, 5.5928], [-5.74887, 5.59266], [-5.75336, 5.61082], [-5.74286, 5.62282], [-5.65643, 5.56414], [-5.63341, 5.55506], [-5.63797, 5.54741], [-5.63485, 5.54345], [-5.61958, 5.54431], [-5.61252, 5.55616], [-5.60703, 5.55722], [-5.59966, 5.56692], [-5.57295, 5.5757], [-5.56737, 5.55573], [-5.56859, 5.54421], [-5.56014, 5.52243], [-5.56083, 5.51489], [-5.54298, 5.51666], [-5.53407, 5.50723], [-5.52184, 5.50523], [-5.51045, 5.49163], [-5.49813, 5.48794], [-5.49066, 5.49106], [-5.4729, 5.43119], [-5.46889, 5.43487], [-5.46112, 5.43121], [-5.43898, 5.43903], [-5.42309, 5.43094], [-5.41751, 5.41489], [-5.41898, 5.41091], [-5.41071, 5.40088], [-5.36776, 5.39447], [-5.38252, 5.38976], [-5.3839, 5.38406], [-5.39806, 5.36984], [-5.41479, 5.35809], [-5.42544, 5.35459], [-5.45583, 5.29878], [-5.45229, 5.29479], [-5.45427, 5.28247], [-5.43921, 5.2762], [-5.43268, 5.26612], [-5.43533, 5.2568], [-5.44795, 5.2621], [-5.46064, 5.2601], [-5.46342, 5.25218], [-5.45654, 5.22749], [-5.46176, 5.19673], [-5.47514, 5.18271], [-5.49429, 5.18046], [-5.49824, 5.17278], [-5.50011, 5.13395], [-5.50706, 5.12854], [-5.50825, 5.11879], [-5.50044, 5.10843], [-5.49762, 5.10927], [-5.49642, 5.10467], [-5.49885, 5.10371], [-5.48588, 5.09005], [-5.50816, 5.08092], [-5.60187, 5.07384], [-5.60661, 5.07579], [-5.61446, 5.07103], [-5.64673, 5.06459], [-5.74121, 5.05552], [-5.80731, 5.0442], [-5.90642, 5.01853], [-5.92842, 5.00739], [-5.9473, 5.00415], [-5.95318, 4.999], [-5.96813, 4.99578], [-5.97991, 4.98902], [-5.9791, 4.9839], [-6.00504, 4.9755], [-6.00659, 4.97116], [-6.01408, 4.97191], [-6.03096, 4.96277], [-6.07148, 4.95824], [-6.08478, 4.93965], [-6.10127, 4.93051], [-6.18179, 4.89702], [-6.18452, 4.89188], [-6.1959, 4.88552], [-6.22499, 4.87829], [-6.23873, 4.87152], [-6.24067, 4.86599], [-6.31651, 4.84592], [-6.36166, 4.82599], [-6.39469, 4.82228], [-6.41195, 4.81273], [-6.432, 4.80987], [-6.44926, 4.80072], [-6.45236, 4.79007], [-6.45589, 4.78886], [-6.49321, 4.78001], [-6.50541, 4.78073], [-6.51207, 4.77597], [-6.5557, 4.77023], [-6.56161, 4.77217], [-6.5836, 4.76457], [-6.60556, 4.75263], [-6.60787, 4.74395], [-6.62707, 4.72967], [-6.651, 4.71811], [-6.70756, 4.70678], [-6.713, 4.69415], [-6.73028, 4.69051], [-6.76646, 4.6915], [-6.76958, 4.68636], [-6.86819, 4.674], [-6.91648, 4.66349], [-6.9243, 4.65518], [-6.92108, 4.64181], [-6.9595, 4.62347], [-6.97277, 4.60725], [-6.98648, 4.59891], [-6.98527, 4.5934], [-7.0041, 4.58739], [-7.00836, 4.57633], [-7.01856, 4.57313], [-7.02951, 4.56283], [-7.0353, 4.54428], [-7.05807, 4.54022], [-7.06314, 4.53349], [-7.08277, 4.53023], [-7.16368, 4.52505], [-7.19115, 4.51898], [-7.20522, 4.50748], [-7.24909, 4.48478], [-7.25682, 4.46309], [-7.29528, 4.45696], [-7.31135, 4.45017], [-7.32694, 4.42961], [-7.35359, 4.4204], [-7.36765, 4.40614], [-7.39704, 4.39613], [-7.41658, 4.38027], [-7.48832, 4.36055], [-7.51858, 4.36391], [-7.52877, 4.36188], [-7.5386, 4.3634], [-7.54453, 4.37045], [-7.5563, 4.36959], [-7.57341, 4.38672], [-7.57745, 4.40113], [-7.56501, 4.42429], [-7.54604, 4.43668], [-7.56117, 4.44163], [-7.57056, 4.44951], [-7.57312, 4.45707], [-7.57391, 4.46825], [-7.56754, 4.48344], [-7.56002, 4.48926], [-7.56408, 4.50547], [-7.55909, 4.512], [-7.57179, 4.53176], [-7.57186, 4.54258], [-7.56434, 4.54768], [-7.568, 4.55704], [-7.56626, 4.56643], [-7.58073, 4.58076], [-7.58043, 4.59051], [-7.56285, 4.59495], [-7.55431, 4.60943], [-7.56048, 4.61913], [-7.56459, 4.6422], [-7.56894, 4.64794], [-7.58009, 4.64895], [-7.58227, 4.65254], [-7.57983, 4.66482], [-7.56835, 4.66851], [-7.57676, 4.68938], [-7.57213, 4.6959], [-7.5642, 4.69379], [-7.56243, 4.69705], [-7.56942, 4.72189], [-7.56304, 4.73637], [-7.56886, 4.74643], [-7.5726, 4.76877], [-7.56619, 4.77711], [-7.56694, 4.78216], [-7.58386, 4.78529], [-7.59832, 4.79601], [-7.60095, 4.81367], [-7.59884, 4.82018], [-7.5881, 4.82747], [-7.59832, 4.8494], [-7.59046, 4.85812], [-7.59408, 4.86134], [-7.5942, 4.87829], [-7.6061, 4.88434], [-7.60722, 4.88975], [-7.60086, 4.90675], [-7.58689, 4.91406], [-7.57354, 4.90802], [-7.57067, 4.90948], [-7.56789, 4.92248], [-7.5546, 4.9251], [-7.54592, 4.91867], [-7.53298, 4.91912], [-7.5323, 4.92489], [-7.54281, 4.93673], [-7.54322, 4.9443], [-7.53895, 4.95191], [-7.54586, 4.96232], [-7.55163, 4.96445], [-7.55663, 4.96008], [-7.55952, 4.96187], [-7.56536, 4.97373], [-7.54929, 4.99116], [-7.54757, 5.00163], [-7.54796, 5.00632], [-7.55734, 5.00986], [-7.56281, 5.02101], [-7.56251, 5.03003], [-7.55434, 5.04452], [-7.55799, 5.05207], [-7.55733, 5.06001], [-7.5613, 5.06251], [-7.56901, 5.08482], [-7.54396, 5.10267], [-7.53432, 5.11393], [-7.52535, 5.11687], [-7.51559, 5.11117], [-7.51587, 5.09926], [-7.50517, 5.11269], [-7.50772, 5.117], [-7.5038, 5.1228], [-7.49089, 5.12902], [-7.48991, 5.1431], [-7.47781, 5.16195], [-7.47541, 5.17784], [-7.48053, 5.18971], [-7.4788, 5.19983], [-7.48174, 5.2081], [-7.49007, 5.21634], [-7.48869, 5.22501], [-7.48015, 5.2377], [-7.46937, 5.23994], [-7.47057, 5.25761], [-7.48176, 5.26186], [-7.48325, 5.26907], [-7.47902, 5.28101], [-7.47078, 5.28684], [-7.4657, 5.2811], [-7.46211, 5.28221], [-7.45352, 5.28913], [-7.44561, 5.29027], [-7.43596, 5.29972], [-7.41546, 5.30203], [-7.41433, 5.29482], [-7.42288, 5.28249], [-7.42792, 5.28173], [-7.42861, 5.27848], [-7.42069, 5.27709], [-7.41958, 5.27349], [-7.4199, 5.26736], [-7.42813, 5.26044], [-7.42453, 5.26047], [-7.41164, 5.27102], [-7.40851, 5.28584], [-7.39809, 5.28772], [-7.3956, 5.29315], [-7.40182, 5.3061], [-7.40077, 5.31115], [-7.39685, 5.31587], [-7.38248, 5.31995], [-7.37105, 5.33266], [-7.38294, 5.33438], [-7.38995, 5.34542], [-7.38374, 5.38335], [-7.39234, 5.37824], [-7.39082, 5.36707], [-7.40481, 5.36011], [-7.40592, 5.36443], [-7.42836, 5.38051], [-7.43237, 5.38733], [-7.43502, 5.40608], [-7.44988, 5.42004], [-7.45536, 5.43046], [-7.44432, 5.44678], [-7.4356, 5.4353], [-7.42547, 5.42888], [-7.42126, 5.44406], [-7.42855, 5.45628], [-7.42904, 5.47359], [-7.42442, 5.48229], [-7.414, 5.48561], [-7.40873, 5.50261], [-7.39653, 5.50811], [-7.39548, 5.51209], [-7.40812, 5.51777], [-7.40853, 5.52426], [-7.40243, 5.52756], [-7.39339, 5.52185], [-7.38799, 5.52261], [-7.38482, 5.53238], [-7.40109, 5.54092], [-7.40403, 5.54955], [-7.39797, 5.5579], [-7.40031, 5.58097], [-7.39673, 5.58389], [-7.37691, 5.58259], [-7.38566, 5.59696], [-7.38002, 5.61252], [-7.3816, 5.6208], [-7.36128, 5.62437], [-7.34699, 5.62261], [-7.34202, 5.62772], [-7.32012, 5.61794], [-7.30444, 5.62783], [-7.28987, 5.62161], [-7.27316, 5.62002], [-7.25536, 5.6453], [-7.08778, 5.66635], [-7.09079, 5.88828], [-7.08419, 6.05725], [-7.10787, 6.15254], [-7.11906, 6.15775], [-7.12422, 6.16535], [-7.12275, 6.17017], [-7.13235, 6.17712], [-7.15211, 6.18406], [-7.16438, 6.17887], [-7.18727, 6.18488], [-7.20574, 6.20244], [-7.20955, 6.21081], [-7.20475, 6.21982], [-7.2042, 6.22954], [-7.19098, 6.23973], [-7.18645, 6.25071], [-7.17017, 6.26476], [-7.17486, 6.28534], [-7.17132, 6.30054], [-7.17809, 6.30541], [-7.18353, 6.31833], [-7.17688, 6.33169], [-7.17751, 6.34542], [-7.17038, 6.37378], [-7.1603, 6.37711], [-7.15306, 6.39759], [-7.12612, 6.40531], [-7.15633, 6.43184], [-7.15441, 6.4419], [-7.15722, 6.44676], [-7.15112, 6.4611], [-7.12989, 6.45816], [-7.00001, 6.55631], [-6.99771, 6.55323], [-6.99206, 6.5583], [-6.98007, 6.55135], [-6.9751, 6.53696], [-6.96178, 6.51931], [-6.96336, 6.51303], [-6.95212, 6.48545], [-6.96343, 6.4702], [-6.977, 6.46126], [-6.98406, 6.4592], [-7.00127, 6.46376], [-7.00504, 6.45899], [-7.00488, 6.45218], [-7.00019, 6.44611], [-6.98712, 6.44733], [-6.97836, 6.42882], [-6.97884, 6.42193], [-6.93425, 6.37524], [-6.86454, 6.27727], [-6.80869, 6.27425], [-6.67954, 6.296], [-6.61408, 6.29949], [-6.58986, 6.31989], [-6.50742, 6.26099], [-6.47668, 6.27113], [-6.43735, 6.29277], [-6.4045, 6.29712], [-6.41212, 6.16421]]]}}, {"type": "Feature", "properties": {"shapeID": "83157122B12160353323799", "shapeName": "Denguele"}, "geometry": {"type": "Polygon", "coordinates": [[[-6.65878, 10.35721], [-6.65838, 10.34575], [-6.65164, 10.34245], [-6.65349, 10.3345], [-6.64403, 10.31762], [-6.64742, 10.31219], [-6.63933, 10.3133], [-6.63679, 10.30672], [-6.63248, 10.30839], [-6.63086, 10.3032], [-6.63354, 10.30058], [-6.63047, 10.2899], [-6.63775, 10.2851], [-6.63337, 10.27302], [-6.63906, 10.26468], [-6.63441, 10.26227], [-6.63671, 10.25409], [-6.63169, 10.25268], [-6.63353, 10.24847], [-6.62893, 10.24714], [-6.62958, 10.24332], [-6.62284, 10.23733], [-6.6151, 10.23561], [-6.60589, 10.24017], [-6.59284, 10.2311], [-6.59617, 10.1873], [-6.58669, 10.16735], [-6.58898, 10.15952], [-6.61436, 10.14392], [-6.67499, 10.12199], [-6.70949, 10.1007], [-6.74569, 10.09683], [-6.7576, 10.09995], [-6.78649, 10.13198], [-6.79713, 10.13067], [-6.81108, 10.13611], [-6.81907, 10.12765], [-6.8231, 10.13357], [-6.83243, 10.13724], [-6.83169, 10.13164], [-6.83524, 10.12912], [-6.85032, 10.12668], [-6.85624, 10.12887], [-6.87021, 10.11891], [-6.87863, 10.12041], [-6.88431, 10.10537], [-6.88834, 10.10255], [-6.89724, 10.10329], [-6.91401, 10.07052], [-6.92935, 10.05968], [-6.93253, 10.04336], [-6.92741, 10.03692], [-6.92757, 10.02413], [-6.9356, 10.01668], [-6.94382, 10.00081], [-6.95839, 9.99274], [-6.96783, 9.96779], [-6.93315, 9.9589], [-6.88536, 9.96173], [-6.83222, 9.95335], [-6.79344, 9.95547], [-6.78102, 9.92257], [-6.76275, 9.90278], [-6.75252, 9.88456], [-6.75414, 9.87116], [-6.74653, 9.86701], [-6.74181, 9.85474], [-6.74255, 9.83728], [-6.76033, 9.83013], [-6.76069, 9.81095], [-6.75593, 9.80511], [-6.7553, 9.79552], [-6.76925, 9.78657], [-6.77846, 9.772], [-6.74172, 9.7515], [-6.76155, 9.71031], [-6.76154, 9.70782], [-6.7441, 9.70147], [-6.74795, 9.69721], [-6.74694, 9.69357], [-6.76452, 9.68519], [-6.76606, 9.67642], [-6.76286, 9.6674], [-6.76812, 9.65771], [-6.7749, 9.65388], [-6.78579, 9.63431], [-6.79621, 9.60479], [-6.79195, 9.59664], [-6.7909, 9.58307], [-6.79971, 9.57216], [-6.78969, 9.56576], [-6.78854, 9.56019], [-6.77711, 9.56114], [-6.76121, 9.53866], [-6.74361, 9.52681], [-6.74397, 9.51413], [-6.74711, 9.49742], [-6.75679, 9.49564], [-6.76587, 9.48379], [-6.7655, 9.46769], [-6.78415, 9.45418], [-6.79965, 9.43534], [-6.76708, 9.4224], [-6.7815, 9.40711], [-6.79364, 9.40651], [-6.79968, 9.39448], [-6.80003, 9.37647], [-6.79838, 9.36467], [-6.79122, 9.36104], [-6.79018, 9.35347], [-6.7801, 9.34947], [-6.78587, 9.3296], [-6.78123, 9.31996], [-6.7861, 9.31056], [-6.7864, 9.2946], [-6.79068, 9.28904], [-6.78162, 9.28185], [-6.7613, 9.28624], [-6.7369, 9.26827], [-6.74558, 9.24943], [-6.74715, 9.20343], [-6.75093, 9.18462], [-6.75793, 9.17847], [-6.75971, 9.16565], [-6.7404, 9.14503], [-6.75601, 9.12731], [-6.75671, 9.11732], [-6.76838, 9.10683], [-6.78474, 9.10463], [-6.79988, 9.09672], [-6.80542, 9.08978], [-6.81592, 9.08722], [-6.82425, 9.07642], [-6.83427, 9.07053], [-6.86165, 9.07738], [-6.87138, 9.07651], [-6.88939, 9.06668], [-6.89724, 9.05458], [-6.90024, 9.03742], [-6.8981, 9.03217], [-6.90494, 9.01848], [-6.9031, 9.01103], [-6.90733, 8.98677], [-6.90213, 8.93876], [-6.91801, 8.94471], [-6.92304, 8.95518], [-6.94383, 8.97416], [-6.96157, 8.9648], [-6.98575, 8.97339], [-7.01843, 8.96804], [-7.03944, 8.98083], [-7.07121, 9.02934], [-7.10893, 9.04606], [-7.12046, 9.03628], [-7.14657, 8.99872], [-7.15277, 9.00413], [-7.15988, 8.99576], [-7.16986, 8.99252], [-7.17715, 8.95431], [-7.18773, 8.95277], [-7.21776, 8.95723], [-7.22452, 8.95359], [-7.22795, 8.9331], [-7.22423, 8.92652], [-7.21154, 8.9186], [-7.21772, 8.89588], [-7.21264, 8.88767], [-7.21372, 8.87852], [-7.21936, 8.88458], [-7.22385, 8.87724], [-7.2209, 8.87282], [-7.20964, 8.86882], [-7.20865, 8.84433], [-7.19528, 8.84409], [-7.19705, 8.83331], [-7.21003, 8.82471], [-7.20085, 8.82103], [-7.19835, 8.80906], [-7.19046, 8.8059], [-7.20072, 8.79662], [-7.20232, 8.78991], [-7.19571, 8.78202], [-7.18528, 8.7801], [-7.18991, 8.77279], [-7.20197, 8.76464], [-7.20179, 8.75318], [-7.19237, 8.73873], [-7.20475, 8.73157], [-7.19972, 8.70672], [-7.20741, 8.68881], [-7.21407, 8.68601], [-7.20893, 8.66884], [-7.21592, 8.65425], [-7.21017, 8.65084], [-7.20802, 8.6447], [-7.21384, 8.6359], [-7.21332, 8.6301], [-7.21947, 8.62322], [-7.21705, 8.61843], [-7.2152, 8.62345], [-7.20604, 8.62311], [-7.20164, 8.59696], [-7.21548, 8.59474], [-7.20461, 8.58664], [-7.2071, 8.589], [-7.2052, 8.59201], [-7.19924, 8.59366], [-7.19699, 8.59043], [-7.19807, 8.58357], [-7.20679, 8.57323], [-7.20241, 8.56197], [-7.1913, 8.55534], [-7.18015, 8.54264], [-7.18623, 8.53562], [-7.17836, 8.53038], [-7.17755, 8.52599], [-7.18528, 8.51995], [-7.1795, 8.51196], [-7.19871, 8.51498], [-7.2093, 8.52569], [-7.21467, 8.54715], [-7.22545, 8.55485], [-7.21825, 8.56859], [-7.22078, 8.57614], [-7.22758, 8.57996], [-7.23084, 8.59081], [-7.23559, 8.5937], [-7.23658, 8.60756], [-7.23177, 8.61414], [-7.23705, 8.61844], [-7.23852, 8.62692], [-7.24904, 8.63325], [-7.25458, 8.64569], [-7.26396, 8.65204], [-7.26934, 8.66111], [-7.27995, 8.67062], [-7.30821, 8.68164], [-7.31175, 8.67722], [-7.32155, 8.67482], [-7.34017, 8.67783], [-7.34479, 8.68703], [-7.35091, 8.67992], [-7.35986, 8.67955], [-7.36536, 8.68348], [-7.36735, 8.69051], [-7.36332, 8.69173], [-7.36958, 8.70157], [-7.36483, 8.70876], [-7.38018, 8.72492], [-7.38809, 8.74122], [-7.40108, 8.7384], [-7.40406, 8.7449], [-7.39547, 8.75083], [-7.39743, 8.75526], [-7.41664, 8.7604], [-7.42067, 8.75649], [-7.45165, 8.77978], [-7.46904, 8.80288], [-7.50363, 8.83392], [-7.53143, 8.84264], [-7.53458, 8.84914], [-7.54227, 8.85177], [-7.54779, 8.86882], [-7.54539, 8.88179], [-7.56375, 8.89971], [-7.55766, 8.90786], [-7.56948, 8.91518], [-7.57043, 8.92824], [-7.58257, 8.93007], [-7.61191, 8.95288], [-7.63824, 8.95957], [-7.6424, 8.96783], [-7.65669, 8.96132], [-7.67494, 8.96677], [-7.68118, 8.98023], [-7.68023, 9.00584], [-7.68632, 9.02423], [-7.68597, 9.04135], [-7.69597, 9.05653], [-7.71925, 9.07004], [-7.73285, 9.08351], [-7.76533, 9.09643], [-7.77659, 9.10521], [-7.7806, 9.11444], [-7.79849, 9.13186], [-7.80126, 9.14174], [-7.7983, 9.1473], [-7.81186, 9.16854], [-7.83616, 9.18572], [-7.85145, 9.16644], [-7.86328, 9.15829], [-7.87075, 9.15805], [-7.90645, 9.18845], [-7.9132, 9.20987], [-7.91262, 9.21781], [-7.88167, 9.28343], [-7.87256, 9.29428], [-7.87491, 9.30612], [-7.87228, 9.31773], [-7.87609, 9.33755], [-7.86559, 9.35506], [-7.86374, 9.36592], [-7.85623, 9.37555], [-7.84921, 9.41762], [-7.90263, 9.41743], [-7.93889, 9.40411], [-7.94658, 9.40527], [-7.96277, 9.39551], [-7.98544, 9.39233], [-7.99893, 9.39532], [-8.02019, 9.38903], [-8.0288, 9.39162], [-8.03577, 9.40153], [-8.07211, 9.42883], [-8.07779, 9.43896], [-8.08533, 9.44202], [-8.09212, 9.45763], [-8.09753, 9.46058], [-8.1232, 9.50438], [-8.1255, 9.51218], [-8.12309, 9.5207], [-8.13427, 9.52892], [-8.13271, 9.53483], [-8.13815, 9.54317], [-8.13955, 9.5553], [-8.13278, 9.57139], [-8.14293, 9.58826], [-8.13466, 9.61337], [-8.14147, 9.6229], [-8.13997, 9.6266], [-8.13201, 9.62755], [-8.12228, 9.63466], [-8.12108, 9.64376], [-8.11426, 9.65093], [-8.11609, 9.65894], [-8.12299, 9.66187], [-8.11715, 9.66667], [-8.12302, 9.67522], [-8.11981, 9.68274], [-8.1243, 9.68635], [-8.10844, 9.70928], [-8.11339, 9.71776], [-8.11656, 9.73762], [-8.11194, 9.7498], [-8.11729, 9.75839], [-8.1056, 9.76231], [-8.10985, 9.78407], [-8.10576, 9.78867], [-8.09797, 9.79035], [-8.10697, 9.79955], [-8.10699, 9.80553], [-8.10024, 9.80883], [-8.09376, 9.80361], [-8.09153, 9.8069], [-8.09164, 9.8285], [-8.09587, 9.83697], [-8.0928, 9.84199], [-8.09554, 9.84959], [-8.09123, 9.85674], [-8.09904, 9.86825], [-8.12945, 9.86205], [-8.13677, 9.86588], [-8.13772, 9.87518], [-8.13424, 9.87923], [-8.12529, 9.88002], [-8.11947, 9.89056], [-8.11934, 9.89862], [-8.12305, 9.90347], [-8.12925, 9.90464], [-8.13142, 9.91355], [-8.14398, 9.90702], [-8.14975, 9.90777], [-8.15931, 9.92521], [-8.15615, 9.93023], [-8.14813, 9.93162], [-8.14903, 9.93839], [-8.15734, 9.94364], [-8.15522, 9.94696], [-8.14037, 9.94332], [-8.13277, 9.94607], [-8.1272, 9.95263], [-8.11032, 9.95693], [-8.10827, 9.96702], [-8.11304, 9.97533], [-8.12076, 9.97424], [-8.13013, 9.96657], [-8.13982, 9.97028], [-8.14383, 9.97701], [-8.13151, 9.98649], [-8.11602, 10.01432], [-8.11216, 10.02303], [-8.11325, 10.04608], [-8.10793, 10.05446], [-8.07783, 10.05997], [-8.06524, 10.06881], [-8.05935, 10.06458], [-8.05003, 10.07301], [-8.00991, 10.08948], [-8.00705, 10.11621], [-8.01092, 10.13093], [-8.00015, 10.1401], [-7.99144, 10.14204], [-7.97797, 10.16496], [-7.97153, 10.16684], [-7.95726, 10.15134], [-7.93051, 10.14762], [-7.91268, 10.15665], [-7.90903, 10.16262], [-7.86408, 10.17108], [-7.8441, 10.20466], [-7.82944, 10.20993], [-7.82562, 10.22108], [-7.80588, 10.23792], [-7.79827, 10.23687], [-7.79296, 10.25442], [-7.78, 10.27343], [-7.76053, 10.28404], [-7.75618, 10.29266], [-7.7465, 10.29923], [-7.74571, 10.305], [-7.74916, 10.30715], [-7.76324, 10.30531], [-7.76609, 10.30764], [-7.76447, 10.3112], [-7.74401, 10.32099], [-7.74755, 10.34003], [-7.73943, 10.34545], [-7.7218, 10.34107], [-7.71222, 10.3451], [-7.71035, 10.35292], [-7.71381, 10.36556], [-7.72697, 10.37399], [-7.72755, 10.37961], [-7.71462, 10.38502], [-7.7091, 10.39588], [-7.68699, 10.39891], [-7.67366, 10.40992], [-7.67216, 10.41694], [-7.64675, 10.43606], [-7.62526, 10.45959], [-7.58912, 10.42736], [-7.5765, 10.42086], [-7.56042, 10.4195], [-7.55102, 10.4136], [-7.54172, 10.41468], [-7.53085, 10.44028], [-7.51117, 10.45678], [-7.45463, 10.4445], [-7.44242, 10.43388], [-7.44329, 10.42609], [-7.43649, 10.41665], [-7.44339, 10.412], [-7.44746, 10.40257], [-7.4357, 10.36944], [-7.42092, 10.34807], [-7.42779, 10.34138], [-7.42767, 10.33559], [-7.41578, 10.33546], [-7.40109, 10.34715], [-7.37952, 10.34856], [-7.36664, 10.34587], [-7.35739, 10.32755], [-7.35519, 10.28432], [-7.35851, 10.26869], [-7.36708, 10.2619], [-7.38681, 10.25887], [-7.37843, 10.24741], [-7.33428, 10.2356], [-7.30691, 10.25284], [-7.27363, 10.26219], [-7.26102, 10.25631], [-7.14174, 10.24736], [-7.10756, 10.21247], [-7.07957, 10.20869], [-7.07298, 10.19541], [-7.08615, 10.17074], [-7.08479, 10.16439], [-7.07959, 10.16001], [-7.07287, 10.16168], [-7.05117, 10.14699], [-7.03192, 10.14882], [-7.01084, 10.15831], [-6.9937, 10.17443], [-6.98262, 10.21339], [-7.01754, 10.25719], [-7.01729, 10.2626], [-7.00551, 10.2707], [-7.00398, 10.27709], [-6.98749, 10.29479], [-6.98312, 10.30454], [-6.97086, 10.30733], [-6.96237, 10.32795], [-6.93827, 10.35864], [-6.91229, 10.35471], [-6.90304, 10.34724], [-6.88371, 10.35404], [-6.8669, 10.34517], [-6.86373, 10.35019], [-6.85587, 10.34965], [-6.84867, 10.35847], [-6.8365, 10.35487], [-6.83577, 10.3629], [-6.82533, 10.37146], [-6.82571, 10.38905], [-6.80677, 10.39118], [-6.79125, 10.38373], [-6.78596, 10.37202], [-6.77721, 10.36639], [-6.73893, 10.36366], [-6.72238, 10.35111], [-6.70916, 10.34745], [-6.68259, 10.34444], [-6.6648, 10.35941], [-6.65878, 10.35721]]]}}, {"type": "Feature", "properties": {"shapeID": "83157122B76853064397847", "shapeName": "District Autonome D'Abidjan"}, "geometry": {"type": "Polygon", "coordinates": [[[-3.78505, 5.27149], [-3.80492, 5.28533], [-3.81813, 5.26995], [-3.81491, 5.25076], [-3.84004, 5.25352], [-3.85203, 5.22825], [-3.85141, 5.22148], [-3.87024, 5.22779], [-3.972, 5.24777], [-4.00354, 5.24969], [-4.01024, 5.24455], [-4.10091, 5.2369], [-4.11628, 5.23174], [-4.21407, 5.21883], [-4.22591, 5.27955], [-4.27358, 5.27502], [-4.29591, 5.30849], [-4.30631, 5.39279], [-4.31786, 5.40186], [-4.31118, 5.42008], [-4.29113, 5.42391], [-4.29055, 5.43272], [-4.2868, 5.43398], [-4.28634, 5.45118], [-4.29038, 5.45548], [-4.2991, 5.45449], [-4.30339, 5.47566], [-4.30159, 5.48434], [-4.33263, 5.49672], [-4.33785, 5.5042], [-4.34528, 5.50381], [-4.36495, 5.51187], [-4.37126, 5.51904], [-4.38551, 5.52612], [-4.40158, 5.52638], [-4.41049, 5.52256], [-4.41996, 5.52878], [-4.43656, 5.52503], [-4.44692, 5.53157], [-4.45732, 5.53007], [-4.46114, 5.53363], [-4.39306, 5.60185], [-4.36165, 5.58069], [-4.26184, 5.59414], [-4.24523, 5.60023], [-4.23561, 5.59886], [-4.22928, 5.6017], [-4.20781, 5.60052], [-4.19635, 5.59529], [-4.17933, 5.60508], [-4.16993, 5.60041], [-4.16183, 5.60092], [-4.15838, 5.59619], [-4.14396, 5.59874], [-4.12951, 5.58456], [-4.0993, 5.57573], [-4.08375, 5.57743], [-4.07149, 5.57448], [-4.03822, 5.58789], [-4.02945, 5.58239], [-3.94007, 5.58907], [-3.92747, 5.57174], [-3.9301, 5.56635], [-3.92832, 5.56078], [-3.91961, 5.55827], [-3.91477, 5.56144], [-3.91159, 5.55365], [-3.90947, 5.55508], [-3.89889, 5.54702], [-3.8843, 5.52033], [-3.87775, 5.51906], [-3.87484, 5.50118], [-3.86783, 5.50621], [-3.86335, 5.50283], [-3.85295, 5.50909], [-3.85362, 5.50548], [-3.84769, 5.5032], [-3.84807, 5.49749], [-3.84429, 5.49418], [-3.84639, 5.48868], [-3.84251, 5.48716], [-3.84407, 5.48475], [-3.83671, 5.48506], [-3.83191, 5.47471], [-3.83649, 5.47179], [-3.82888, 5.46346], [-3.83142, 5.45667], [-3.83804, 5.45443], [-3.8348, 5.43866], [-3.8283, 5.43948], [-3.82726, 5.42989], [-3.82405, 5.43362], [-3.81822, 5.43225], [-3.81976, 5.42695], [-3.81554, 5.42461], [-3.82063, 5.42147], [-3.81711, 5.41611], [-3.82234, 5.41462], [-3.82221, 5.40659], [-3.82989, 5.39897], [-3.82906, 5.39062], [-3.83366, 5.3872], [-3.82853, 5.38187], [-3.82929, 5.37301], [-3.81655, 5.36666], [-3.82202, 5.37068], [-3.82236, 5.37687], [-3.81716, 5.38097], [-3.80764, 5.3813], [-3.78702, 5.36787], [-3.77919, 5.37436], [-3.76469, 5.36835], [-3.75988, 5.36233], [-3.75976, 5.35458], [-3.76795, 5.34423], [-3.76826, 5.33864], [-3.74962, 5.33296], [-3.74606, 5.32793], [-3.74583, 5.31283], [-3.73274, 5.30534], [-3.72385, 5.30447], [-3.71635, 5.29744], [-3.78505, 5.27149]]]}}, {"type": "Feature", "properties": {"shapeID": "83157122B30232425959699", "shapeName": "District Autonome De Yamoussoukro"}, "geometry": {"type": "Polygon", "coordinates": [[[-5.30905, 6.56239], [-5.29945, 6.57431], [-5.30934, 6.59016], [-5.3376, 6.59977], [-5.35753, 6.60189], [-5.39454, 6.59734], [-5.40712, 6.60194], [-5.41507, 6.61267], [-5.41611, 6.63215], [-5.41229, 6.64834], [-5.40845, 6.64931], [-5.39977, 6.66596], [-5.40659, 6.68585], [-5.40575, 6.70416], [-5.42287, 6.73896], [-5.43623, 6.75796], [-5.4411, 6.75848], [-5.44382, 6.77826], [-5.46932, 6.80125], [-5.48879, 6.81045], [-5.48723, 6.82922], [-5.4916, 6.85427], [-5.51402, 6.8637], [-5.52508, 6.8834], [-5.52525, 6.89418], [-5.53136, 6.90324], [-5.52819, 6.91504], [-5.51716, 6.9249], [-5.50579, 6.92919], [-5.50134, 6.98746], [-5.49527, 7.00299], [-5.4874, 7.01119], [-5.48291, 7.02933], [-5.46898, 7.03475], [-5.46009, 7.03065], [-5.4518, 7.03949], [-5.44776, 7.03456], [-5.44311, 7.03476], [-5.4344, 7.04357], [-5.40155, 7.05269], [-5.37545, 7.06909], [-5.33591, 7.07234], [-5.31449, 7.07945], [-5.28606, 7.07029], [-5.27886, 7.06153], [-5.27237, 7.05891], [-5.24718, 7.05968], [-5.23095, 7.05634], [-5.21159, 7.03662], [-5.19181, 7.0372], [-5.18086, 7.02975], [-5.17135, 7.02819], [-5.15419, 7.02853], [-5.151, 7.03328], [-5.14617, 7.02998], [-5.14052, 7.03175], [-5.135, 7.02727], [-5.12472, 7.02868], [-5.12394, 7.02335], [-5.1274, 7.02326], [-5.12823, 7.01974], [-5.1185, 6.99772], [-5.11111, 6.99669], [-5.10818, 6.99138], [-5.10254, 6.99358], [-5.09757, 6.9912], [-5.09151, 6.98038], [-5.08538, 6.98349], [-5.08087, 6.97719], [-5.05688, 6.97717], [-5.0487, 6.96728], [-5.0412, 6.95593], [-5.04145, 6.94726], [-5.03356, 6.93923], [-5.03441, 6.93017], [-5.02609, 6.91127], [-5.02911, 6.90602], [-5.01255, 6.89977], [-5.00466, 6.89094], [-4.99093, 6.88992], [-4.98735, 6.88285], [-4.99134, 6.87905], [-4.98855, 6.85944], [-4.9804, 6.84949], [-4.98336, 6.84267], [-4.97893, 6.83708], [-4.97199, 6.83548], [-4.97411, 6.82314], [-4.96384, 6.81918], [-4.95442, 6.82056], [-4.95546, 6.81455], [-4.96422, 6.80653], [-4.96306, 6.80274], [-4.95873, 6.805], [-4.95786, 6.80061], [-4.96193, 6.7971], [-4.95802, 6.79144], [-4.96665, 6.77284], [-4.96593, 6.76597], [-4.96856, 6.76223], [-4.97998, 6.76227], [-4.97267, 6.75206], [-5.02849, 6.76346], [-5.039, 6.7695], [-5.04706, 6.78543], [-5.0799, 6.76782], [-5.11072, 6.76474], [-5.13396, 6.74754], [-5.19691, 6.68012], [-5.22386, 6.65644], [-5.27226, 6.63774], [-5.27275, 6.62828], [-5.28321, 6.61531], [-5.28573, 6.60418], [-5.28283, 6.5932], [-5.28556, 6.58048], [-5.28208, 6.57374], [-5.29381, 6.55779], [-5.3043, 6.55119], [-5.30905, 6.56239]]]}}, {"type": "Feature", "properties": {"shapeID": "83157122B34711482467037", "shapeName": "Goh-Djiboua"}, "geometry": {"type": "Polygon", "coordinates": [[[-5.43921, 5.2762], [-5.45427, 5.28247], [-5.45229, 5.29479], [-5.45583, 5.29878], [-5.42544, 5.35459], [-5.41479, 5.35809], [-5.39806, 5.36984], [-5.3839, 5.38406], [-5.38252, 5.38976], [-5.36776, 5.39447], [-5.41071, 5.40088], [-5.41898, 5.41091], [-5.41751, 5.41489], [-5.42309, 5.43094], [-5.43898, 5.43903], [-5.46112, 5.43121], [-5.46889, 5.43487], [-5.4729, 5.43119], [-5.49066, 5.49106], [-5.49813, 5.48794], [-5.51045, 5.49163], [-5.52184, 5.50523], [-5.53407, 5.50723], [-5.54298, 5.51666], [-5.56083, 5.51489], [-5.56014, 5.52243], [-5.56859, 5.54421], [-5.56737, 5.55573], [-5.57295, 5.5757], [-5.59966, 5.56692], [-5.60703, 5.55722], [-5.61252, 5.55616], [-5.61958, 5.54431], [-5.63485, 5.54345], [-5.63797, 5.54741], [-5.63341, 5.55506], [-5.65643, 5.56414], [-5.74286, 5.62282], [-5.75336, 5.61082], [-5.74887, 5.59266], [-5.75635, 5.5928], [-5.76525, 5.58501], [-5.77056, 5.57536], [-5.76973, 5.56396], [-5.773, 5.55431], [-5.78063, 5.55079], [-5.78383, 5.543], [-5.79209, 5.53669], [-5.81765, 5.53268], [-5.82287, 5.52868], [-5.86124, 5.54182], [-5.87324, 5.53604], [-5.91346, 5.54189], [-5.92185, 5.53342], [-5.93612, 5.52806], [-5.95319, 5.53062], [-5.97855, 5.5225], [-5.98154, 5.52531], [-5.99096, 5.52359], [-5.99546, 5.52611], [-6.0016, 5.53962], [-6.00155, 5.54698], [-6.00822, 5.54684], [-6.02257, 5.57394], [-6.02754, 5.59129], [-6.02427, 5.59993], [-6.03492, 5.60396], [-6.02049, 5.60805], [-6.0217, 5.6276], [-6.01586, 5.63359], [-6.017, 5.63978], [-6.02054, 5.64172], [-6.02205, 5.63854], [-6.02734, 5.64302], [-6.02758, 5.65526], [-6.0343, 5.65368], [-6.04238, 5.6616], [-6.04137, 5.66551], [-6.05043, 5.67274], [-6.0656, 5.70847], [-6.06924, 5.69675], [-6.07671, 5.69487], [-6.07138, 5.70834], [-6.07639, 5.71941], [-6.06842, 5.72596], [-6.07064, 5.72908], [-6.06757, 5.73622], [-6.09061, 5.74969], [-6.09734, 5.74645], [-6.10164, 5.75312], [-6.10588, 5.75401], [-6.10352, 5.76706], [-6.11656, 5.77204], [-6.18893, 5.76988], [-6.22393, 5.69553], [-6.22669, 5.69613], [-6.22657, 5.70538], [-6.22148, 5.71192], [-6.23164, 5.72735], [-6.22923, 5.73959], [-6.22332, 5.74547], [-6.22396, 5.75234], [-6.22027, 5.7552], [-6.22677, 5.76335], [-6.23136, 5.76272], [-6.22715, 5.76939], [-6.2304, 5.77137], [-6.2296, 5.78667], [-6.24029, 5.79504], [-6.24707, 5.80581], [-6.24259, 5.82291], [-6.24968, 5.84493], [-6.26623, 5.85289], [-6.26708, 5.86018], [-6.2772, 5.86598], [-6.27946, 5.88328], [-6.27574, 5.88953], [-6.28021, 5.90139], [-6.29109, 5.91221], [-6.29009, 5.93585], [-6.35556, 6.03407], [-6.38051, 6.09839], [-6.39972, 6.133], [-6.41212, 6.16421], [-6.4045, 6.29712], [-6.33413, 6.31111], [-6.33132, 6.32056], [-6.31054, 6.34442], [-6.21438, 6.33578], [-6.0561, 6.5031], [-6.04567, 6.50937], [-6.03868, 6.51918], [-6.03784, 6.52793], [-5.92409, 6.52506], [-5.7507, 6.50066], [-5.74854, 6.50715], [-5.73915, 6.50996], [-5.7337, 6.51767], [-5.72835, 6.54397], [-5.72161, 6.55191], [-5.70908, 6.55863], [-5.69351, 6.55054], [-5.69151, 6.53591], [-5.68342, 6.53132], [-5.67678, 6.53226], [-5.67155, 6.52577], [-5.65276, 6.53572], [-5.637, 6.53175], [-5.63671, 6.54198], [-5.62742, 6.54328], [-5.61638, 6.55045], [-5.59475, 6.55283], [-5.57576, 6.55968], [-5.57393, 6.56605], [-5.58437, 6.58054], [-5.5803, 6.58774], [-5.56994, 6.58369], [-5.54475, 6.60016], [-5.52777, 6.59462], [-5.52325, 6.596], [-5.52253, 6.60254], [-5.51567, 6.6057], [-5.50947, 6.6023], [-5.50657, 6.59209], [-5.50224, 6.59155], [-5.49696, 6.59898], [-5.48782, 6.60283], [-5.48682, 6.62259], [-5.46429, 6.63269], [-5.45416, 6.63361], [-5.4505, 6.64367], [-5.43291, 6.65021], [-5.41229, 6.64834], [-5.41694, 6.61784], [-5.40712, 6.60194], [-5.39454, 6.59734], [-5.35753, 6.60189], [-5.3376, 6.59977], [-5.30599, 6.58777], [-5.29945, 6.57431], [-5.30905, 6.56239], [-5.30411, 6.54801], [-5.30675, 6.54225], [-5.32786, 6.52973], [-5.32955, 6.52453], [-5.3234, 6.51022], [-5.30432, 6.50482], [-5.29885, 6.50009], [-5.30319, 6.48062], [-5.31848, 6.4655], [-5.32056, 6.4595], [-5.31093, 6.43101], [-5.31608, 6.42318], [-5.31822, 6.40774], [-5.30198, 6.37133], [-5.30517, 6.36309], [-5.29847, 6.3568], [-5.27021, 6.35552], [-5.24111, 6.37383], [-5.21102, 6.37766], [-5.20475, 6.37571], [-5.2035, 6.37082], [-5.24083, 6.24206], [-5.1426, 6.15504], [-5.01832, 6.13113], [-4.99125, 6.08857], [-5.0032, 6.06406], [-5.03725, 6.03617], [-5.01802, 6.00766], [-5.00192, 5.99897], [-4.99867, 6.00096], [-4.99868, 5.9463], [-4.99314, 5.88844], [-4.98448, 5.88013], [-4.97141, 5.8784], [-4.95618, 5.86493], [-4.94652, 5.8629], [-4.93586, 5.85472], [-4.94263, 5.84471], [-4.94061, 5.81658], [-4.94398, 5.81914], [-4.94743, 5.81202], [-4.95619, 5.80807], [-4.95637, 5.7933], [-4.9613, 5.78073], [-4.9589, 5.7751], [-4.96827, 5.77144], [-4.9752, 5.76229], [-4.97022, 5.75419], [-4.97392, 5.74354], [-4.97246, 5.72999], [-4.96, 5.71016], [-4.95768, 5.7002], [-4.93963, 5.68037], [-4.94332, 5.67319], [-4.95174, 5.66899], [-4.95044, 5.6602], [-4.95637, 5.65802], [-4.96362, 5.6437], [-4.98109, 5.6406], [-4.98764, 5.63521], [-4.99647, 5.63535], [-5.00222, 5.62789], [-5.00188, 5.62049], [-5.01344, 5.59723], [-5.02296, 5.59207], [-5.03513, 5.57763], [-5.02927, 5.56446], [-5.021, 5.56187], [-5.01755, 5.54626], [-5.01208, 5.53907], [-5.01647, 5.52982], [-5.01109, 5.52118], [-5.00881, 5.49976], [-5.02044, 5.48514], [-5.02275, 5.46249], [-5.02675, 5.46027], [-5.03279, 5.43677], [-5.03704, 5.43518], [-5.03874, 5.42706], [-5.04399, 5.4225], [-5.04614, 5.39854], [-5.05046, 5.3973], [-5.05444, 5.38994], [-5.05453, 5.37472], [-5.05915, 5.37072], [-5.05693, 5.36614], [-5.06224, 5.3623], [-5.05599, 5.33533], [-5.06833, 5.32397], [-5.06425, 5.31095], [-5.02949, 5.27111], [-5.03229, 5.26293], [-5.04089, 5.25958], [-5.04683, 5.25281], [-5.04961, 5.2422], [-5.06762, 5.2345], [-5.06769, 5.19271], [-5.10745, 5.17311], [-5.13547, 5.19341], [-5.12815, 5.21301], [-5.12693, 5.237], [-5.18827, 5.23278], [-5.18565, 5.22266], [-5.19326, 5.21431], [-5.19278, 5.20767], [-5.23292, 5.17794], [-5.28276, 5.17638], [-5.30787, 5.1596], [-5.37004, 5.21733], [-5.38442, 5.22192], [-5.40557, 5.22131], [-5.39821, 5.25727], [-5.42224, 5.27105], [-5.43073, 5.27021], [-5.43268, 5.26612], [-5.43921, 5.2762]]]}}, {"type": "Feature", "properties": {"shapeID": "83157122B20352934117266", "shapeName": "Lacs"}, "geometry": {"type": "Polygon", "coordinates": [[[-5.29381, 6.55779], [-5.28208, 6.57374], [-5.28556, 6.58048], [-5.28283, 6.5932], [-5.28573, 6.60418], [-5.28321, 6.61531], [-5.27275, 6.62828], [-5.27226, 6.63774], [-5.22386, 6.65644], [-5.19691, 6.68012], [-5.13396, 6.74754], [-5.11072, 6.76474], [-5.0799, 6.76782], [-5.04706, 6.78543], [-5.039, 6.7695], [-5.02849, 6.76346], [-4.98537, 6.75302], [-4.97129, 6.75274], [-4.97998, 6.76227], [-4.96856, 6.76223], [-4.96593, 6.76597], [-4.96665, 6.77284], [-4.95802, 6.79144], [-4.96193, 6.7971], [-4.95786, 6.80061], [-4.95873, 6.805], [-4.96306, 6.80274], [-4.96422, 6.80653], [-4.95546, 6.81455], [-4.95442, 6.82056], [-4.96384, 6.81918], [-4.97411, 6.82314], [-4.97199, 6.83548], [-4.97893, 6.83708], [-4.98336, 6.84267], [-4.9804, 6.84949], [-4.98855, 6.85944], [-4.99134, 6.87905], [-4.98735, 6.88285], [-4.99093, 6.88992], [-5.00466, 6.89094], [-5.01255, 6.89977], [-5.02911, 6.90602], [-5.02609, 6.91127], [-5.03441, 6.93017], [-5.03356, 6.93923], [-5.04145, 6.94726], [-5.0412, 6.95593], [-5.05688, 6.97717], [-5.08087, 6.97719], [-5.08538, 6.98349], [-5.09151, 6.98038], [-5.09757, 6.9912], [-5.10254, 6.99358], [-5.10818, 6.99138], [-5.11111, 6.99669], [-5.1185, 6.99772], [-5.12823, 7.01974], [-5.1274, 7.02326], [-5.12394, 7.02335], [-5.12472, 7.02868], [-5.135, 7.02727], [-5.14052, 7.03175], [-5.14617, 7.02998], [-5.151, 7.03328], [-5.15419, 7.02853], [-5.17135, 7.02819], [-5.18086, 7.02975], [-5.19181, 7.0372], [-5.21159, 7.03662], [-5.23095, 7.05634], [-5.24718, 7.05968], [-5.27237, 7.05891], [-5.27886, 7.06153], [-5.28606, 7.07029], [-5.31449, 7.07945], [-5.33591, 7.07234], [-5.37545, 7.06909], [-5.40155, 7.05269], [-5.4344, 7.04357], [-5.44311, 7.03476], [-5.44776, 7.03456], [-5.45278, 7.0412], [-5.48503, 7.04991], [-5.48918, 7.05531], [-5.49281, 7.07468], [-5.4956, 7.1097], [-5.48993, 7.11491], [-5.48835, 7.12366], [-5.48008, 7.13497], [-5.48138, 7.13829], [-5.52392, 7.15784], [-5.54252, 7.1553], [-5.55329, 7.14102], [-5.58713, 7.1403], [-5.61022, 7.15428], [-5.61266, 7.15965], [-5.6013, 7.17308], [-5.6035, 7.18611], [-5.6224, 7.1901], [-5.63766, 7.19895], [-5.65229, 7.2001], [-5.67532, 7.22152], [-5.67495, 7.23486], [-5.66644, 7.2375], [-5.65821, 7.23302], [-5.65349, 7.23766], [-5.65086, 7.24939], [-5.63765, 7.26627], [-5.61277, 7.26752], [-5.60716, 7.27287], [-5.58301, 7.27198], [-5.56813, 7.28229], [-5.50093, 7.29439], [-5.4792, 7.30697], [-5.47104, 7.30276], [-5.43711, 7.30574], [-5.43252, 7.29827], [-5.43465, 7.28514], [-5.42829, 7.27829], [-5.41406, 7.2814], [-5.40676, 7.2772], [-5.39349, 7.24178], [-5.35225, 7.23717], [-5.32241, 7.24158], [-5.31248, 7.23587], [-5.30468, 7.23642], [-5.29409, 7.22797], [-5.2471, 7.2883], [-5.22627, 7.2811], [-5.21013, 7.29322], [-5.20548, 7.31377], [-5.19015, 7.33233], [-5.18134, 7.33564], [-5.17202, 7.34632], [-5.15962, 7.34513], [-5.14673, 7.34946], [-5.11944, 7.36842], [-5.11292, 7.39056], [-5.11483, 7.40073], [-5.10329, 7.40142], [-5.08453, 7.4097], [-5.07332, 7.40481], [-5.06431, 7.40548], [-5.05347, 7.41633], [-5.04841, 7.4327], [-5.02534, 7.45616], [-5.00064, 7.47465], [-4.98874, 7.46442], [-4.98718, 7.47071], [-4.96707, 7.49153], [-4.95306, 7.48195], [-4.94275, 7.48525], [-4.9345, 7.48004], [-4.9256, 7.48355], [-4.92663, 7.51383], [-4.93, 7.52315], [-4.90522, 7.55596], [-4.89616, 7.57432], [-4.88721, 7.57532], [-4.88425, 7.60995], [-4.87561, 7.60524], [-4.85931, 7.60317], [-4.85433, 7.58756], [-4.84106, 7.5729], [-4.82963, 7.56578], [-4.81912, 7.57148], [-4.79076, 7.56418], [-4.77641, 7.58022], [-4.75621, 7.55797], [-4.74521, 7.55152], [-4.7347, 7.52767], [-4.72758, 7.52576], [-4.72409, 7.53132], [-4.68551, 7.51745], [-4.65643, 7.53469], [-4.65384, 7.54036], [-4.65878, 7.55046], [-4.65178, 7.55823], [-4.60669, 7.57197], [-4.60656, 7.57905], [-4.59852, 7.58014], [-4.6001, 7.58606], [-4.59668, 7.58961], [-4.5957, 7.59982], [-4.57911, 7.60827], [-4.57084, 7.61985], [-4.53817, 7.61598], [-4.53402, 7.61375], [-4.53081, 7.60427], [-4.51681, 7.60143], [-4.50791, 7.60964], [-4.49553, 7.61224], [-4.49549, 7.65427], [-4.49874, 7.66361], [-4.5073, 7.67282], [-4.51351, 7.7333], [-4.52139, 7.75221], [-4.53658, 7.7737], [-4.53882, 7.78616], [-4.53461, 7.79882], [-4.53689, 7.8071], [-4.52877, 7.82257], [-4.5295, 7.82866], [-4.52256, 7.82244], [-4.50364, 7.81652], [-4.3463, 7.84516], [-4.30625, 7.87342], [-4.307, 7.89914], [-4.29208, 7.90388], [-4.28166, 7.90126], [-4.26556, 7.92427], [-4.24052, 7.91795], [-4.24181, 7.89914], [-4.22383, 7.90513], [-4.20813, 7.88828], [-4.19301, 7.88546], [-4.15698, 7.88942], [-4.15308, 7.89272], [-4.15219, 7.90078], [-4.14053, 7.90367], [-4.13327, 7.90976], [-4.12175, 7.91123], [-4.11632, 7.91867], [-4.10321, 7.91523], [-4.0896, 7.91781], [-4.08225, 7.92154], [-4.0739, 7.93357], [-4.0645, 7.96923], [-4.07775, 7.97352], [-4.0964, 7.99536], [-4.09805, 8.00132], [-4.05927, 8.02668], [-4.03629, 8.03327], [-4.01817, 8.04803], [-3.99352, 8.02598], [-3.9737, 8.02109], [-3.97778, 8.01167], [-3.99437, 8.0094], [-4.00658, 7.99406], [-4.01687, 7.98807], [-4.02173, 7.97701], [-4.01353, 7.95098], [-4.00605, 7.94943], [-3.98577, 7.96682], [-3.95345, 7.96871], [-3.93487, 7.97593], [-3.92714, 7.97242], [-3.9251, 7.9584], [-3.92818, 7.95102], [-3.94689, 7.93426], [-3.94787, 7.92421], [-3.96689, 7.91482], [-3.99309, 7.91141], [-3.99985, 7.90442], [-3.99844, 7.90013], [-3.97015, 7.89129], [-3.94179, 7.89126], [-3.91971, 7.87871], [-3.90123, 7.88102], [-3.88489, 7.87719], [-3.86692, 7.85549], [-3.86487, 7.84342], [-3.87621, 7.82883], [-3.87933, 7.81495], [-3.85887, 7.79743], [-3.87714, 7.77633], [-3.87729, 7.77056], [-3.86826, 7.76914], [-3.84918, 7.77306], [-3.83015, 7.76522], [-3.8283, 7.7602], [-3.83467, 7.74751], [-3.82856, 7.73876], [-3.80152, 7.7417], [-3.78532, 7.7347], [-3.76624, 7.73784], [-3.75921, 7.73145], [-3.75055, 7.7315], [-3.74033, 7.74033], [-3.73032, 7.71926], [-3.73471, 7.71074], [-3.73316, 7.70197], [-3.73685, 7.69123], [-3.73421, 7.66571], [-3.70981, 7.6473], [-3.69799, 7.64835], [-3.68521, 7.6404], [-3.68425, 7.62559], [-3.66708, 7.60316], [-3.66153, 7.58502], [-3.64933, 7.5744], [-3.63426, 7.57817], [-3.62384, 7.58887], [-3.61061, 7.59364], [-3.60107, 7.59365], [-3.58383, 7.58268], [-3.57508, 7.55323], [-3.58464, 7.54122], [-3.60023, 7.53291], [-3.6018, 7.5192], [-3.5938, 7.51018], [-3.58451, 7.50802], [-3.57216, 7.49635], [-3.53511, 7.48475], [-3.52397, 7.45823], [-3.49723, 7.42939], [-3.49845, 7.39105], [-3.51767, 7.36697], [-3.51523, 7.35367], [-3.51964, 7.35405], [-3.52013, 7.35088], [-3.52678, 7.34968], [-3.53334, 7.34273], [-3.53713, 7.34591], [-3.5634, 7.31438], [-3.55876, 7.30261], [-3.53193, 7.29046], [-3.54086, 7.28083], [-3.55047, 7.27734], [-3.58186, 7.28314], [-3.59269, 7.28147], [-3.59614, 7.27615], [-3.59564, 7.2551], [-3.58516, 7.24309], [-3.57912, 7.22867], [-3.5954, 7.18688], [-3.61216, 7.17976], [-3.61856, 7.1932], [-3.64201, 7.20199], [-3.64737, 7.20107], [-3.65175, 7.1939], [-3.65408, 7.17297], [-3.64601, 7.14516], [-3.64611, 7.12892], [-3.60962, 7.10533], [-3.59224, 7.10063], [-3.58501, 7.10674], [-3.57475, 7.10796], [-3.57128, 7.10446], [-3.57071, 7.10038], [-3.57885, 7.0949], [-3.58779, 7.08179], [-3.58313, 7.06413], [-3.58678, 7.06183], [-3.58679, 7.06758], [-3.59344, 7.07717], [-3.62773, 7.09095], [-3.6314, 7.08274], [-3.62212, 7.06856], [-3.63859, 7.04728], [-3.64334, 7.04611], [-3.66287, 7.05315], [-3.67902, 7.05016], [-3.68993, 7.03904], [-3.71748, 7.02267], [-3.71836, 7.00259], [-3.73438, 7.00818], [-3.75916, 7.00104], [-3.77185, 6.99063], [-3.78491, 6.96993], [-3.78575, 6.94171], [-3.77968, 6.92901], [-3.77504, 6.92623], [-3.77098, 6.92811], [-3.76306, 6.94498], [-3.75465, 6.95505], [-3.74841, 6.95707], [-3.74185, 6.95457], [-3.74728, 6.94084], [-3.73631, 6.92127], [-3.7403, 6.90991], [-3.74912, 6.90555], [-3.77068, 6.8777], [-3.7822, 6.8564], [-3.77131, 6.83917], [-3.75478, 6.82784], [-3.74956, 6.81655], [-3.75816, 6.80987], [-3.76439, 6.79896], [-3.76139, 6.77571], [-3.76336, 6.77334], [-3.77705, 6.774], [-3.79492, 6.76723], [-3.80143, 6.7594], [-3.79213, 6.74275], [-3.7918, 6.73223], [-3.77706, 6.7221], [-3.77715, 6.71568], [-3.76889, 6.70138], [-3.7797, 6.6957], [-3.78651, 6.68362], [-3.79678, 6.68015], [-3.8019, 6.67433], [-3.78753, 6.66089], [-3.78447, 6.64799], [-3.77621, 6.64366], [-3.77955, 6.62897], [-3.77197, 6.61599], [-3.77253, 6.61092], [-3.78521, 6.60405], [-3.79877, 6.58445], [-3.82103, 6.57649], [-3.82902, 6.56938], [-3.8348, 6.55217], [-3.84891, 6.5336], [-3.8692, 6.53617], [-3.88114, 6.53396], [-3.90198, 6.55325], [-3.94293, 6.54022], [-3.95695, 6.53983], [-3.9759, 6.55707], [-3.98493, 6.55351], [-4.02516, 6.52164], [-4.06055, 6.50407], [-4.0797, 6.4815], [-4.0918, 6.49303], [-4.13865, 6.47187], [-4.1624, 6.33543], [-4.11543, 6.26119], [-4.15901, 6.23057], [-4.23666, 6.18637], [-4.24555, 6.1972], [-4.24507, 6.20869], [-4.24916, 6.21112], [-4.25354, 6.22583], [-4.26026, 6.23152], [-4.26798, 6.24704], [-4.26814, 6.25853], [-4.27715, 6.26462], [-4.30289, 6.2682], [-4.33133, 6.26551], [-4.34599, 6.2674], [-4.35755, 6.2618], [-4.39049, 6.26492], [-4.40109, 6.26087], [-4.41643, 6.26445], [-4.4335, 6.25367], [-4.44292, 6.25597], [-4.45762, 6.25187], [-4.46844, 6.26788], [-4.48163, 6.26415], [-4.49966, 6.24211], [-4.68451, 6.27179], [-4.68834, 6.26882], [-4.69916, 6.27351], [-4.70415, 6.27967], [-4.70534, 6.27233], [-4.71955, 6.25849], [-4.72781, 6.25612], [-4.72963, 6.25039], [-4.73931, 6.25102], [-4.75037, 6.24528], [-4.78219, 6.23952], [-4.80491, 6.24134], [-4.8179, 6.25174], [-4.82171, 6.24581], [-4.81586, 6.23841], [-4.82583, 6.23463], [-4.93175, 6.26089], [-4.95764, 6.25701], [-4.99868, 6.23819], [-5.00685, 6.24022], [-5.03673, 6.23568], [-5.04365, 6.26402], [-5.03455, 6.2694], [-5.0263, 6.28005], [-5.02531, 6.28909], [-5.0376, 6.29642], [-5.0743, 6.28589], [-5.09087, 6.28499], [-5.11622, 6.30824], [-5.12646, 6.31236], [-5.14101, 6.33122], [-5.18118, 6.36825], [-5.20287, 6.37298], [-5.2035, 6.37082], [-5.20475, 6.37571], [-5.21102, 6.37766], [-5.24662, 6.3718], [-5.25772, 6.36154], [-5.27021, 6.35552], [-5.29847, 6.3568], [-5.30517, 6.36309], [-5.30198, 6.37133], [-5.31822, 6.40774], [-5.31608, 6.42318], [-5.31093, 6.43101], [-5.32056, 6.4595], [-5.31848, 6.4655], [-5.30319, 6.48062], [-5.29885, 6.50009], [-5.30432, 6.50482], [-5.3234, 6.51022], [-5.32955, 6.52453], [-5.32182, 6.53507], [-5.30675, 6.54225], [-5.3043, 6.55119], [-5.29381, 6.55779]]]}}, {"type": "Feature", "properties": {"shapeID": "83157122B69310198422077", "shapeName": "Montagnes"}, "geometry": {"type": "Polygon", "coordinates": [[[-7.12989, 6.45816], [-7.15112, 6.4611], [-7.15722, 6.44676], [-7.15441, 6.4419], [-7.15633, 6.43184], [-7.12612, 6.40531], [-7.15306, 6.39759], [-7.1603, 6.37711], [-7.17038, 6.37378], [-7.17751, 6.34542], [-7.17688, 6.33169], [-7.18353, 6.31833], [-7.17809, 6.30541], [-7.17132, 6.30054], [-7.17486, 6.28534], [-7.17017, 6.26476], [-7.18645, 6.25071], [-7.19098, 6.23973], [-7.2042, 6.22954], [-7.20475, 6.21982], [-7.20955, 6.21081], [-7.20574, 6.20244], [-7.18727, 6.18488], [-7.16438, 6.17887], [-7.15211, 6.18406], [-7.13235, 6.17712], [-7.12275, 6.17017], [-7.12422, 6.16535], [-7.11906, 6.15775], [-7.10787, 6.15254], [-7.08419, 6.05725], [-7.09079, 5.88828], [-7.08778, 5.66635], [-7.25536, 5.6453], [-7.27316, 5.62002], [-7.28987, 5.62161], [-7.30444, 5.62783], [-7.32012, 5.61794], [-7.34202, 5.62772], [-7.34699, 5.62261], [-7.36128, 5.62437], [-7.3816, 5.6208], [-7.38767, 5.62509], [-7.40172, 5.62535], [-7.40036, 5.63654], [-7.41017, 5.64684], [-7.41601, 5.6569], [-7.41792, 5.67168], [-7.42481, 5.6774], [-7.42095, 5.6915], [-7.43103, 5.69106], [-7.43579, 5.70077], [-7.43406, 5.70944], [-7.4407, 5.73032], [-7.43823, 5.73755], [-7.44118, 5.74583], [-7.44733, 5.74903], [-7.44703, 5.75697], [-7.43272, 5.77007], [-7.43204, 5.77441], [-7.43787, 5.78374], [-7.44326, 5.78154], [-7.44617, 5.78476], [-7.4437, 5.792], [-7.44771, 5.79738], [-7.43528, 5.82057], [-7.43612, 5.83644], [-7.43327, 5.84007], [-7.44594, 5.84754], [-7.44597, 5.85187], [-7.44921, 5.85076], [-7.46549, 5.85929], [-7.47293, 5.84336], [-7.46923, 5.8322], [-7.47425, 5.82856], [-7.4777, 5.80905], [-7.49756, 5.8161], [-7.50844, 5.8254], [-7.50776, 5.83009], [-7.5114, 5.83403], [-7.52401, 5.83501], [-7.52478, 5.84114], [-7.51507, 5.84302], [-7.51658, 5.85203], [-7.52272, 5.85414], [-7.52704, 5.85375], [-7.53525, 5.84394], [-7.54498, 5.84422], [-7.54205, 5.83847], [-7.54343, 5.83125], [-7.54846, 5.8294], [-7.56228, 5.84589], [-7.56493, 5.86174], [-7.57755, 5.86344], [-7.57903, 5.8674], [-7.57187, 5.87287], [-7.55924, 5.87116], [-7.58283, 5.89226], [-7.58826, 5.89582], [-7.59618, 5.89431], [-7.60042, 5.88453], [-7.60438, 5.88414], [-7.60877, 5.89276], [-7.61523, 5.88946], [-7.61714, 5.90243], [-7.63734, 5.90587], [-7.64272, 5.90402], [-7.65363, 5.9162], [-7.66113, 5.90892], [-7.66512, 5.91213], [-7.66558, 5.92367], [-7.66099, 5.93417], [-7.66536, 5.94026], [-7.66579, 5.94856], [-7.67438, 5.94163], [-7.68002, 5.92752], [-7.68757, 5.92565], [-7.68534, 5.91773], [-7.67515, 5.90519], [-7.68335, 5.89539], [-7.68803, 5.89499], [-7.70468, 5.90422], [-7.73264, 5.9314], [-7.74056, 5.93061], [-7.74894, 5.94244], [-7.76633, 5.95419], [-7.76823, 5.96571], [-7.7647, 5.97368], [-7.79503, 5.98243], [-7.79522, 6.00371], [-7.78554, 6.0092], [-7.79211, 6.0196], [-7.79071, 6.02394], [-7.78787, 6.02829], [-7.77028, 6.03566], [-7.80254, 6.0581], [-7.80369, 6.06602], [-7.79406, 6.07692], [-7.79558, 6.08521], [-7.80684, 6.09556], [-7.81, 6.08688], [-7.81577, 6.08719], [-7.82014, 6.09328], [-7.83027, 6.09752], [-7.83489, 6.09026], [-7.83374, 6.08306], [-7.84952, 6.07571], [-7.85245, 6.08073], [-7.84679, 6.0916], [-7.854, 6.09298], [-7.85585, 6.09765], [-7.85158, 6.10418], [-7.85432, 6.12759], [-7.84936, 6.13701], [-7.85096, 6.15503], [-7.84921, 6.16009], [-7.83738, 6.16669], [-7.84177, 6.17422], [-7.83865, 6.18407], [-7.84661, 6.19149], [-7.84055, 6.19804], [-7.82863, 6.1949], [-7.82252, 6.19712], [-7.83813, 6.20996], [-7.85745, 6.2343], [-7.88064, 6.24815], [-7.89555, 6.26244], [-7.90442, 6.28615], [-7.9073, 6.28684], [-7.90907, 6.2825], [-7.90899, 6.27421], [-7.91402, 6.27272], [-7.91801, 6.27593], [-7.92032, 6.29141], [-7.92384, 6.28308], [-7.92815, 6.2816], [-7.93393, 6.28263], [-7.94559, 6.29658], [-7.94848, 6.29691], [-7.95917, 6.28455], [-7.96386, 6.28559], [-7.97371, 6.29811], [-7.97691, 6.29376], [-7.98051, 6.29408], [-7.98165, 6.29948], [-7.99241, 6.29469], [-7.99532, 6.29755], [-7.99469, 6.30693], [-8.00238, 6.32019], [-8.02936, 6.3156], [-8.04336, 6.31042], [-8.04941, 6.30279], [-8.06061, 6.30593], [-8.07782, 6.29747], [-8.09085, 6.30347], [-8.09684, 6.29007], [-8.10874, 6.29176], [-8.12844, 6.27967], [-8.15833, 6.27974], [-8.17196, 6.2742], [-8.17641, 6.28713], [-8.18798, 6.2917], [-8.19067, 6.30052], [-8.19738, 6.30469], [-8.20788, 6.30107], [-8.21162, 6.30617], [-8.21951, 6.30285], [-8.2426, 6.32332], [-8.25046, 6.31783], [-8.25878, 6.32099], [-8.26342, 6.31698], [-8.2829, 6.32002], [-8.2837, 6.32794], [-8.2722, 6.33022], [-8.27011, 6.33709], [-8.28489, 6.33838], [-8.28607, 6.3481], [-8.29653, 6.35016], [-8.30081, 6.34579], [-8.3073, 6.34644], [-8.31281, 6.35756], [-8.31786, 6.3575], [-8.33166, 6.36853], [-8.33743, 6.36955], [-8.34074, 6.37672], [-8.35033, 6.36329], [-8.36289, 6.35956], [-8.37049, 6.36308], [-8.37333, 6.35873], [-8.38269, 6.35899], [-8.38581, 6.34743], [-8.39737, 6.35091], [-8.40509, 6.3656], [-8.41413, 6.36911], [-8.40088, 6.37646], [-8.39045, 6.37765], [-8.38439, 6.38384], [-8.39498, 6.39706], [-8.39331, 6.41004], [-8.40059, 6.41717], [-8.40177, 6.42689], [-8.40497, 6.42289], [-8.4115, 6.42679], [-8.39692, 6.44424], [-8.42662, 6.46013], [-8.43031, 6.46874], [-8.43538, 6.47157], [-8.44067, 6.49457], [-8.45797, 6.50226], [-8.46087, 6.49687], [-8.45193, 6.46923], [-8.45688, 6.46125], [-8.46796, 6.4532], [-8.46856, 6.44203], [-8.47855, 6.43292], [-8.4977, 6.43919], [-8.50643, 6.44739], [-8.52215, 6.46919], [-8.52809, 6.4857], [-8.54913, 6.49915], [-8.57829, 6.49847], [-8.58415, 6.50741], [-8.57992, 6.51574], [-8.58073, 6.52366], [-8.57175, 6.52628], [-8.5674, 6.52345], [-8.56114, 6.54369], [-8.55362, 6.54737], [-8.56561, 6.55732], [-8.56033, 6.56783], [-8.55279, 6.57007], [-8.53685, 6.56161], [-8.53184, 6.5649], [-8.52817, 6.59052], [-8.53304, 6.60812], [-8.52481, 6.61253], [-8.51671, 6.59713], [-8.50954, 6.59973], [-8.50374, 6.59692], [-8.50357, 6.61349], [-8.49715, 6.61968], [-8.49138, 6.61939], [-8.48878, 6.61185], [-8.48307, 6.6166], [-8.48637, 6.6216], [-8.48501, 6.62882], [-8.47458, 6.6311], [-8.47139, 6.63546], [-8.46236, 6.6334], [-8.46025, 6.63847], [-8.44878, 6.64292], [-8.45171, 6.64757], [-8.45037, 6.65695], [-8.44467, 6.66278], [-8.43784, 6.66393], [-8.43273, 6.65822], [-8.42914, 6.65898], [-8.42568, 6.67235], [-8.42027, 6.67205], [-8.4188, 6.66883], [-8.4074, 6.68084], [-8.40528, 6.68519], [-8.41012, 6.69883], [-8.40519, 6.70969], [-8.39121, 6.71597], [-8.39095, 6.72534], [-8.38114, 6.71752], [-8.38486, 6.72865], [-8.37414, 6.73633], [-8.3699, 6.74395], [-8.36517, 6.7404], [-8.36054, 6.74513], [-8.35841, 6.7484], [-8.36388, 6.75446], [-8.36034, 6.75955], [-8.34812, 6.76257], [-8.34553, 6.75683], [-8.34265, 6.75722], [-8.34626, 6.78997], [-8.33013, 6.79808], [-8.32916, 6.8089], [-8.32196, 6.80934], [-8.32055, 6.8126], [-8.32858, 6.82152], [-8.32936, 6.82691], [-8.31011, 6.84622], [-8.30993, 6.8628], [-8.31449, 6.85122], [-8.31844, 6.84938], [-8.32316, 6.85257], [-8.32584, 6.86659], [-8.33315, 6.87588], [-8.33287, 6.88237], [-8.32609, 6.88857], [-8.32584, 6.89866], [-8.30857, 6.90174], [-8.30753, 6.90607], [-8.31637, 6.92291], [-8.32475, 6.96209], [-8.2889, 6.98124], [-8.28397, 6.99138], [-8.27717, 6.99614], [-8.27615, 7.00192], [-8.28237, 7.00978], [-8.28211, 7.01807], [-8.29185, 7.01832], [-8.29444, 7.02406], [-8.29017, 7.02951], [-8.2942, 7.03523], [-8.30706, 7.08734], [-8.30208, 7.09352], [-8.30396, 7.10034], [-8.29592, 7.12242], [-8.30292, 7.13531], [-8.29475, 7.14586], [-8.28219, 7.15141], [-8.28284, 7.17662], [-8.28615, 7.18271], [-8.2926, 7.17867], [-8.31152, 7.19251], [-8.3174, 7.20109], [-8.32856, 7.19916], [-8.33617, 7.20267], [-8.33665, 7.21239], [-8.34144, 7.22135], [-8.3465, 7.22165], [-8.34947, 7.22846], [-8.36472, 7.23657], [-8.36404, 7.24018], [-8.36841, 7.24409], [-8.35776, 7.25863], [-8.35606, 7.26694], [-8.35973, 7.27266], [-8.3666, 7.27366], [-8.36449, 7.27873], [-8.39643, 7.32447], [-8.40206, 7.37196], [-8.39793, 7.38822], [-8.4025, 7.40762], [-8.41638, 7.4215], [-8.41722, 7.43122], [-8.41042, 7.43599], [-8.4084, 7.4479], [-8.41295, 7.4655], [-8.41198, 7.47416], [-8.41974, 7.4892], [-8.41763, 7.49319], [-8.4253, 7.50102], [-8.42706, 7.52658], [-8.43723, 7.53113], [-8.45229, 7.52302], [-8.47092, 7.5408], [-8.46983, 7.54817], [-8.42632, 7.59015], [-8.40039, 7.62434], [-8.395, 7.62657], [-8.39023, 7.6234], [-8.39011, 7.61114], [-8.37924, 7.60803], [-8.38183, 7.58386], [-8.35832, 7.58055], [-8.34643, 7.58286], [-8.33888, 7.58511], [-8.32859, 7.60037], [-8.30915, 7.6053], [-8.30495, 7.58625], [-8.26756, 7.57013], [-8.21364, 7.53077], [-8.20154, 7.54641], [-8.18037, 7.55748], [-8.17371, 7.57414], [-8.18347, 7.60538], [-8.17425, 7.61918], [-8.16908, 7.63979], [-8.15369, 7.65151], [-8.14934, 7.65084], [-8.14188, 7.66102], [-8.14958, 7.67066], [-8.13401, 7.69788], [-8.11764, 7.71862], [-8.10214, 7.76128], [-8.10252, 7.7827], [-8.09435, 7.79469], [-8.11346, 7.82042], [-8.10674, 7.83239], [-8.12406, 7.83074], [-8.12707, 7.84007], [-8.12422, 7.84299], [-8.13238, 7.8602], [-8.13045, 7.88004], [-8.11942, 7.89388], [-8.11738, 7.90436], [-8.09659, 7.94787], [-8.09683, 7.96731], [-8.08793, 7.9786], [-8.08355, 7.9979], [-8.07084, 7.99933], [-8.06336, 8.01795], [-8.05465, 8.02317], [-8.0512, 8.03275], [-8.03732, 8.04017], [-8.03086, 8.03512], [-8.01262, 8.03046], [-7.99372, 8.04055], [-7.98548, 8.04042], [-7.97441, 8.03144], [-7.97745, 8.01825], [-7.973, 8.01412], [-7.96068, 8.02027], [-7.9395, 8.00908], [-7.93248, 8.01331], [-7.93306, 8.01776], [-7.92394, 8.01156], [-7.91373, 8.01533], [-7.91254, 8.01088], [-7.90621, 8.01009], [-7.90464, 8.00603], [-7.88686, 8.01326], [-7.88626, 8.02323], [-7.88072, 8.01975], [-7.87393, 8.02355], [-7.87367, 8.02076], [-7.85665, 8.01837], [-7.85394, 8.00049], [-7.84848, 7.9975], [-7.85165, 7.9865], [-7.84737, 7.98575], [-7.8423, 7.97666], [-7.84798, 7.97097], [-7.84566, 7.95572], [-7.84229, 7.9546], [-7.8386, 7.95962], [-7.83182, 7.95354], [-7.8216, 7.95455], [-7.81357, 7.94108], [-7.80639, 7.93848], [-7.80026, 7.94106], [-7.79638, 7.93361], [-7.80016, 7.91421], [-7.79561, 7.91754], [-7.78529, 7.91236], [-7.78101, 7.90722], [-7.78143, 7.90079], [-7.77465, 7.89746], [-7.7706, 7.89008], [-7.73814, 7.88246], [-7.72878, 7.88473], [-7.72175, 7.88221], [-7.70878, 7.8872], [-7.70441, 7.88059], [-7.70887, 7.87652], [-7.70324, 7.86452], [-7.68795, 7.8662], [-7.68995, 7.85511], [-7.68197, 7.84741], [-7.67452, 7.84806], [-7.668, 7.85537], [-7.652, 7.84025], [-7.6446, 7.84584], [-7.6318, 7.84119], [-7.62452, 7.84923], [-7.6149, 7.84959], [-7.61152, 7.85245], [-7.61497, 7.864], [-7.60668, 7.87189], [-7.59306, 7.86917], [-7.58928, 7.87628], [-7.58474, 7.87109], [-7.5865, 7.86532], [-7.5797, 7.85943], [-7.57284, 7.85847], [-7.56051, 7.86721], [-7.5527, 7.86803], [-7.55354, 7.87472], [-7.54411, 7.86078], [-7.53932, 7.86867], [-7.52981, 7.86844], [-7.52255, 7.87842], [-7.52465, 7.88985], [-7.51748, 7.89298], [-7.51614, 7.9034], [-7.52578, 7.91395], [-7.51788, 7.9197], [-7.50849, 7.91959], [-7.50697, 7.92367], [-7.51316, 7.93176], [-7.52434, 7.9375], [-7.51797, 7.96106], [-7.51853, 7.99098], [-7.5132, 8.00474], [-7.51567, 8.01728], [-7.50895, 8.0282], [-7.50922, 8.03824], [-7.52203, 8.05522], [-7.52226, 8.07118], [-7.51816, 8.07919], [-7.49178, 8.10416], [-7.48868, 8.12503], [-7.47453, 8.14464], [-7.45721, 8.15373], [-7.43652, 8.15456], [-7.43273, 8.13604], [-7.42749, 8.12702], [-7.39978, 8.11923], [-7.35004, 8.08632], [-7.33478, 8.08183], [-7.31989, 8.06793], [-7.31528, 8.06933], [-7.31287, 8.06553], [-7.29688, 8.06265], [-7.28751, 8.04467], [-7.27299, 8.03334], [-7.2705, 8.0239], [-7.25809, 8.01027], [-7.25688, 7.99155], [-7.25148, 7.98692], [-7.25298, 7.98249], [-7.24939, 7.97736], [-7.11901, 7.97811], [-7.06871, 7.98799], [-7.07708, 7.96029], [-7.0687, 7.94304], [-7.0726, 7.9259], [-7.07832, 7.91905], [-7.09952, 7.90672], [-7.10335, 7.88422], [-7.11779, 7.87901], [-7.11974, 7.86875], [-7.11717, 7.85581], [-7.08359, 7.85526], [-7.07596, 7.84546], [-7.07709, 7.81362], [-7.08217, 7.8055], [-7.08101, 7.75891], [-7.07617, 7.72997], [-7.07959, 7.72252], [-7.07861, 7.71857], [-7.07495, 7.71985], [-7.07025, 7.71461], [-7.06933, 7.70818], [-7.07056, 7.69526], [-7.07825, 7.68882], [-7.07937, 7.68254], [-7.06487, 7.65587], [-7.06729, 7.64185], [-7.05684, 7.62718], [-7.04748, 7.62506], [-7.04173, 7.60945], [-7.02325, 7.61655], [-7.01655, 7.61382], [-7.00219, 7.58907], [-6.99451, 7.58889], [-6.98782, 7.58407], [-6.98415, 7.56197], [-6.98776, 7.55363], [-7.01394, 7.55618], [-7.02422, 7.55328], [-7.03839, 7.54305], [-7.04147, 7.53701], [-7.04081, 7.52974], [-7.02388, 7.51032], [-7.02696, 7.49209], [-7.02285, 7.4784], [-7.01322, 7.4646], [-7.00165, 7.45663], [-7.00242, 7.44662], [-7.0169, 7.42588], [-7.04612, 7.42115], [-7.04887, 7.41607], [-7.04292, 7.40389], [-7.04406, 7.40017], [-7.05293, 7.39657], [-7.06047, 7.38407], [-7.07355, 7.38387], [-7.08188, 7.37636], [-7.08196, 7.36949], [-7.07248, 7.3607], [-7.05835, 7.33408], [-7.06859, 7.30599], [-7.06295, 7.28525], [-7.06908, 7.26588], [-7.06709, 7.25311], [-7.07188, 7.23145], [-7.07035, 7.21898], [-7.06092, 7.20173], [-7.06384, 7.19468], [-7.07533, 7.19345], [-7.08629, 7.18481], [-7.08087, 7.17388], [-7.06548, 7.16697], [-7.05362, 7.15141], [-7.05324, 7.14558], [-7.05852, 7.14251], [-7.06177, 7.13474], [-7.05946, 7.10878], [-7.05194, 7.10829], [-7.05071, 7.09934], [-7.04465, 7.09708], [-7.04269, 7.09209], [-7.05143, 7.06851], [-7.05128, 7.05881], [-7.0561, 7.04689], [-7.05592, 7.02741], [-7.06202, 7.01158], [-7.06293, 7.00392], [-7.05659, 6.99402], [-7.05644, 6.97752], [-7.06336, 6.95013], [-7.05956, 6.93414], [-7.04238, 6.92092], [-7.03929, 6.90956], [-7.04419, 6.89247], [-7.0597, 6.8815], [-7.06038, 6.84652], [-7.03988, 6.83393], [-7.02762, 6.83557], [-7.00558, 6.83064], [-6.99084, 6.79383], [-6.99622, 6.77464], [-6.98285, 6.75018], [-6.98435, 6.73299], [-6.99044, 6.72427], [-6.97858, 6.71827], [-6.97323, 6.71147], [-6.981, 6.6955], [-6.98937, 6.68788], [-6.99106, 6.67944], [-6.98264, 6.65447], [-6.98675, 6.6228], [-7.02168, 6.5881], [-7.01792, 6.57386], [-6.99794, 6.56404], [-7.00001, 6.55631], [-7.12989, 6.45816]]]}}, {"type": "Feature", "properties": {"shapeID": "83157122B74959515955757", "shapeName": "Sassandra-Marahoue"}, "geometry": {"type": "Polygon", "coordinates": [[[-6.43735, 6.29277], [-6.47668, 6.27113], [-6.50742, 6.26099], [-6.58986, 6.31989], [-6.61408, 6.29949], [-6.67954, 6.296], [-6.80869, 6.27425], [-6.86454, 6.27727], [-6.93425, 6.37524], [-6.97884, 6.42193], [-6.97836, 6.42882], [-6.98712, 6.44733], [-7.00019, 6.44611], [-7.00488, 6.45218], [-7.00504, 6.45899], [-7.00127, 6.46376], [-6.98406, 6.4592], [-6.977, 6.46126], [-6.96343, 6.4702], [-6.95212, 6.48545], [-6.96336, 6.51303], [-6.96178, 6.51931], [-6.9751, 6.53696], [-6.98007, 6.55135], [-6.99206, 6.5583], [-7.00032, 6.55423], [-6.99794, 6.56404], [-7.01792, 6.57386], [-7.02097, 6.57879], [-7.02168, 6.5881], [-6.98675, 6.6228], [-6.98264, 6.65447], [-6.99106, 6.67944], [-6.98937, 6.68788], [-6.981, 6.6955], [-6.97323, 6.71147], [-6.97858, 6.71827], [-6.99044, 6.72427], [-6.98435, 6.73299], [-6.98285, 6.75018], [-6.99622, 6.77464], [-6.99084, 6.79383], [-7.00558, 6.83064], [-7.02762, 6.83557], [-7.03988, 6.83393], [-7.06038, 6.84652], [-7.0597, 6.8815], [-7.04419, 6.89247], [-7.03929, 6.90956], [-7.04238, 6.92092], [-7.05956, 6.93414], [-7.06336, 6.95013], [-7.05644, 6.97752], [-7.05659, 6.99402], [-7.06293, 7.00392], [-7.06202, 7.01158], [-7.05592, 7.02741], [-7.0561, 7.04689], [-7.05128, 7.05881], [-7.05143, 7.06851], [-7.04269, 7.09209], [-7.04465, 7.09708], [-7.05071, 7.09934], [-7.05194, 7.10829], [-7.05946, 7.10878], [-7.06177, 7.13474], [-7.05852, 7.14251], [-7.05324, 7.14558], [-7.05362, 7.15141], [-7.06548, 7.16697], [-7.08087, 7.17388], [-7.08629, 7.18481], [-7.07533, 7.19345], [-7.06384, 7.19468], [-7.06092, 7.20173], [-7.07035, 7.21898], [-7.07188, 7.23145], [-7.06709, 7.25311], [-7.06908, 7.26588], [-7.06295, 7.28525], [-7.06859, 7.30599], [-7.05835, 7.33408], [-7.07248, 7.3607], [-7.08196, 7.36949], [-7.08188, 7.37636], [-7.07355, 7.38387], [-7.06047, 7.38407], [-7.05293, 7.39657], [-7.04406, 7.40017], [-7.04292, 7.40389], [-7.04887, 7.41607], [-7.04612, 7.42115], [-7.0169, 7.42588], [-7.00242, 7.44662], [-7.00165, 7.45663], [-7.01322, 7.4646], [-7.02285, 7.4784], [-7.02696, 7.49209], [-7.02388, 7.51032], [-7.04081, 7.52974], [-7.04147, 7.53701], [-7.03839, 7.54305], [-7.02422, 7.55328], [-7.01394, 7.55618], [-6.98776, 7.55363], [-6.98415, 7.56197], [-6.98782, 7.58407], [-6.99451, 7.58889], [-7.00219, 7.58907], [-7.01655, 7.61382], [-7.02325, 7.61655], [-7.04173, 7.60945], [-7.04748, 7.62506], [-7.05684, 7.62718], [-7.06729, 7.64185], [-7.06487, 7.65587], [-7.07937, 7.68254], [-7.07825, 7.68882], [-7.07056, 7.69526], [-7.06933, 7.70818], [-7.07025, 7.71461], [-7.07495, 7.71985], [-7.07861, 7.71857], [-7.07959, 7.72252], [-7.07617, 7.72997], [-7.08101, 7.75891], [-7.08072, 7.79544], [-6.99835, 7.80323], [-6.61805, 7.80003], [-6.59862, 7.79584], [-6.46198, 7.73525], [-6.36805, 7.77109], [-6.33456, 7.77789], [-6.24314, 7.77999], [-6.23513, 7.7733], [-6.23676, 7.7566], [-6.21249, 7.72853], [-6.21573, 7.69275], [-6.21337, 7.68417], [-6.2004, 7.68278], [-6.19215, 7.67617], [-6.18558, 7.67547], [-6.16804, 7.65784], [-6.13786, 7.65271], [-6.11942, 7.64427], [-6.11009, 7.63617], [-6.10505, 7.63627], [-6.0742, 7.65636], [-6.06701, 7.66687], [-6.06625, 7.67341], [-6.05906, 7.67902], [-6.05911, 7.6854], [-6.05513, 7.68744], [-6.0638, 7.69939], [-6.0608, 7.71592], [-6.05522, 7.71864], [-6.05166, 7.7109], [-6.04867, 7.71144], [-6.05126, 7.71843], [-6.03496, 7.74898], [-6.02082, 7.75351], [-5.99765, 7.7468], [-5.98061, 7.75414], [-5.95229, 7.72946], [-5.88393, 7.73477], [-5.87633, 7.73284], [-5.85099, 7.73769], [-5.83574, 7.75284], [-5.80506, 7.75071], [-5.79466, 7.74176], [-5.79413, 7.69866], [-5.78276, 7.66802], [-5.79092, 7.64603], [-5.79827, 7.63839], [-5.79798, 7.63259], [-5.76632, 7.59508], [-5.75673, 7.58947], [-5.74671, 7.59112], [-5.74046, 7.58424], [-5.7349, 7.5664], [-5.72987, 7.56123], [-5.73115, 7.55268], [-5.7225, 7.53703], [-5.70938, 7.52907], [-5.71278, 7.51088], [-5.7351, 7.49819], [-5.73375, 7.4802], [-5.73811, 7.47498], [-5.71843, 7.4636], [-5.71614, 7.45435], [-5.72605, 7.41767], [-5.73448, 7.40602], [-5.72956, 7.38246], [-5.7229, 7.36965], [-5.71043, 7.3638], [-5.70189, 7.36655], [-5.69268, 7.36089], [-5.68977, 7.35424], [-5.69834, 7.33999], [-5.7221, 7.32593], [-5.71756, 7.31808], [-5.69599, 7.30159], [-5.67394, 7.29411], [-5.65242, 7.27363], [-5.65474, 7.25794], [-5.65086, 7.24939], [-5.65349, 7.23766], [-5.65821, 7.23302], [-5.66644, 7.2375], [-5.67495, 7.23486], [-5.67532, 7.22152], [-5.65229, 7.2001], [-5.63766, 7.19895], [-5.6224, 7.1901], [-5.6035, 7.18611], [-5.6013, 7.17308], [-5.61266, 7.15965], [-5.61022, 7.15428], [-5.58713, 7.1403], [-5.55329, 7.14102], [-5.54252, 7.1553], [-5.52392, 7.15784], [-5.48138, 7.13829], [-5.48008, 7.13497], [-5.48835, 7.12366], [-5.48993, 7.11491], [-5.4956, 7.1097], [-5.48918, 7.05531], [-5.48503, 7.04991], [-5.4518, 7.03949], [-5.46009, 7.03065], [-5.46898, 7.03475], [-5.48291, 7.02933], [-5.4874, 7.01119], [-5.49527, 7.00299], [-5.50134, 6.98746], [-5.50579, 6.92919], [-5.51716, 6.9249], [-5.52819, 6.91504], [-5.53136, 6.90324], [-5.52525, 6.89418], [-5.52508, 6.8834], [-5.51402, 6.8637], [-5.4916, 6.85427], [-5.48723, 6.82922], [-5.48879, 6.81045], [-5.46932, 6.80125], [-5.44382, 6.77826], [-5.4411, 6.75848], [-5.43623, 6.75796], [-5.42287, 6.73896], [-5.40575, 6.70416], [-5.40659, 6.68585], [-5.39977, 6.66596], [-5.40845, 6.64931], [-5.43291, 6.65021], [-5.44818, 6.64544], [-5.45416, 6.63361], [-5.46429, 6.63269], [-5.48682, 6.62259], [-5.48782, 6.60283], [-5.49696, 6.59898], [-5.50224, 6.59155], [-5.50657, 6.59209], [-5.50947, 6.6023], [-5.51567, 6.6057], [-5.52253, 6.60254], [-5.52325, 6.596], [-5.52777, 6.59462], [-5.54475, 6.60016], [-5.56994, 6.58369], [-5.5803, 6.58774], [-5.58437, 6.58054], [-5.57393, 6.56605], [-5.57576, 6.55968], [-5.59475, 6.55283], [-5.61638, 6.55045], [-5.62742, 6.54328], [-5.63671, 6.54198], [-5.637, 6.53175], [-5.65276, 6.53572], [-5.67155, 6.52577], [-5.67678, 6.53226], [-5.68342, 6.53132], [-5.69151, 6.53591], [-5.69351, 6.55054], [-5.70908, 6.55863], [-5.72161, 6.55191], [-5.72835, 6.54397], [-5.7337, 6.51767], [-5.73915, 6.50996], [-5.74854, 6.50715], [-5.7507, 6.50066], [-5.92409, 6.52506], [-6.03784, 6.52793], [-6.03868, 6.51918], [-6.04567, 6.50937], [-6.0561, 6.5031], [-6.21438, 6.33578], [-6.31054, 6.34442], [-6.33132, 6.32056], [-6.33413, 6.31111], [-6.43735, 6.29277]]]}}, {"type": "Feature", "properties": {"shapeID": "83157122B28791092437733", "shapeName": "Savanes"}, "geometry": {"type": "Polygon", "coordinates": [[[-6.75601, 9.12731], [-6.7404, 9.14503], [-6.75971, 9.16565], [-6.75793, 9.17847], [-6.75093, 9.18462], [-6.74715, 9.20343], [-6.74558, 9.24943], [-6.7369, 9.26827], [-6.7613, 9.28624], [-6.78162, 9.28185], [-6.79068, 9.28904], [-6.7864, 9.2946], [-6.7861, 9.31056], [-6.78123, 9.31996], [-6.78587, 9.3296], [-6.7801, 9.34947], [-6.79018, 9.35347], [-6.79122, 9.36104], [-6.79838, 9.36467], [-6.79968, 9.39448], [-6.79364, 9.40651], [-6.7815, 9.40711], [-6.76708, 9.4224], [-6.79965, 9.43534], [-6.78415, 9.45418], [-6.7655, 9.46769], [-6.76587, 9.48379], [-6.75679, 9.49564], [-6.74711, 9.49742], [-6.74361, 9.52681], [-6.76121, 9.53866], [-6.77711, 9.56114], [-6.78854, 9.56019], [-6.78969, 9.56576], [-6.79971, 9.57216], [-6.7909, 9.58307], [-6.79195, 9.59664], [-6.79621, 9.60479], [-6.78579, 9.63431], [-6.7749, 9.65388], [-6.76812, 9.65771], [-6.76286, 9.6674], [-6.76606, 9.67642], [-6.76452, 9.68519], [-6.74694, 9.69357], [-6.74795, 9.69721], [-6.7441, 9.70147], [-6.76154, 9.70782], [-6.76155, 9.71031], [-6.74172, 9.7515], [-6.77846, 9.772], [-6.76925, 9.78657], [-6.7553, 9.79552], [-6.75593, 9.80511], [-6.76069, 9.81095], [-6.76033, 9.83013], [-6.74255, 9.83728], [-6.74181, 9.85474], [-6.74653, 9.86701], [-6.75414, 9.87116], [-6.75252, 9.88456], [-6.76275, 9.90278], [-6.78102, 9.92257], [-6.79344, 9.95547], [-6.83222, 9.95335], [-6.88536, 9.96173], [-6.93315, 9.9589], [-6.96783, 9.96779], [-6.9656, 9.97849], [-6.95839, 9.99274], [-6.94382, 10.00081], [-6.9356, 10.01668], [-6.92757, 10.02413], [-6.92741, 10.03692], [-6.93253, 10.04336], [-6.92935, 10.05968], [-6.91401, 10.07052], [-6.89724, 10.10329], [-6.88834, 10.10255], [-6.88431, 10.10537], [-6.87863, 10.12041], [-6.87021, 10.11891], [-6.85624, 10.12887], [-6.85032, 10.12668], [-6.83524, 10.12912], [-6.83169, 10.13164], [-6.83243, 10.13724], [-6.8231, 10.13357], [-6.81907, 10.12765], [-6.81108, 10.13611], [-6.79713, 10.13067], [-6.78649, 10.13198], [-6.7576, 10.09995], [-6.74569, 10.09683], [-6.70949, 10.1007], [-6.67499, 10.12199], [-6.61436, 10.14392], [-6.58898, 10.15952], [-6.58621, 10.16501], [-6.59617, 10.1873], [-6.59284, 10.2311], [-6.60589, 10.24017], [-6.6151, 10.23561], [-6.62284, 10.23733], [-6.62958, 10.24332], [-6.62893, 10.24714], [-6.63353, 10.24847], [-6.63169, 10.25268], [-6.63671, 10.25409], [-6.63441, 10.26227], [-6.63906, 10.26468], [-6.63337, 10.27302], [-6.63775, 10.2851], [-6.63047, 10.2899], [-6.63354, 10.30058], [-6.63086, 10.3032], [-6.63248, 10.30839], [-6.63679, 10.30672], [-6.63933, 10.3133], [-6.64742, 10.31219], [-6.64403, 10.31762], [-6.65349, 10.3345], [-6.65164, 10.34245], [-6.65838, 10.34575], [-6.65878, 10.35721], [-6.6648, 10.35941], [-6.64775, 10.37007], [-6.65164, 10.38789], [-6.64774, 10.39196], [-6.65332, 10.40235], [-6.64652, 10.40612], [-6.6296, 10.43619], [-6.63255, 10.44318], [-6.6463, 10.44634], [-6.64656, 10.45803], [-6.66443, 10.4584], [-6.67283, 10.46684], [-6.68129, 10.49967], [-6.67516, 10.5087], [-6.68141, 10.52124], [-6.68021, 10.53374], [-6.66873, 10.53295], [-6.66276, 10.5405], [-6.67054, 10.54977], [-6.66776, 10.55931], [-6.67072, 10.56905], [-6.66496, 10.59069], [-6.67622, 10.60193], [-6.67673, 10.60795], [-6.67097, 10.61874], [-6.6723, 10.62665], [-6.66368, 10.63261], [-6.65383, 10.63129], [-6.64629, 10.63999], [-6.64686, 10.64383], [-6.65625, 10.64648], [-6.65717, 10.65074], [-6.65454, 10.65626], [-6.65566, 10.66835], [-6.64945, 10.67328], [-6.64965, 10.67734], [-6.64185, 10.67861], [-6.62348, 10.67155], [-6.61414, 10.66073], [-6.60884, 10.6405], [-6.59772, 10.62868], [-6.591, 10.62401], [-6.56717, 10.61997], [-6.5518, 10.60656], [-6.54623, 10.59546], [-6.51733, 10.58584], [-6.48418, 10.58525], [-6.47027, 10.57904], [-6.46192, 10.58009], [-6.44029, 10.57396], [-6.4329, 10.57531], [-6.41068, 10.60262], [-6.41955, 10.64805], [-6.41752, 10.69711], [-6.42082, 10.70376], [-6.41605, 10.70891], [-6.40388, 10.71445], [-6.35021, 10.69434], [-6.32537, 10.68983], [-6.26257, 10.74565], [-6.21972, 10.72898], [-6.23941, 10.70503], [-6.23539, 10.6956], [-6.24217, 10.66678], [-6.2343, 10.66107], [-6.22429, 10.66184], [-6.22088, 10.6545], [-6.20867, 10.64377], [-6.19587, 10.64386], [-6.19524, 10.64058], [-6.20755, 10.62994], [-6.22573, 10.62891], [-6.23296, 10.62092], [-6.23417, 10.617], [-6.22897, 10.60619], [-6.21632, 10.60263], [-6.22422, 10.59111], [-6.21711, 10.59122], [-6.21394, 10.58654], [-6.23256, 10.55897], [-6.24074, 10.55825], [-6.24894, 10.5524], [-6.25521, 10.53741], [-6.25406, 10.52892], [-6.24164, 10.522], [-6.23378, 10.52366], [-6.22783, 10.53166], [-6.22195, 10.52998], [-6.2138, 10.5212], [-6.21061, 10.50612], [-6.18169, 10.5041], [-6.17414, 10.50046], [-6.17135, 10.49528], [-6.17388, 10.49214], [-6.19638, 10.47428], [-6.19337, 10.44991], [-6.16738, 10.42812], [-6.17043, 10.4166], [-6.1823, 10.41921], [-6.19134, 10.41513], [-6.19, 10.40526], [-6.19528, 10.3906], [-6.18886, 10.38548], [-6.18744, 10.37958], [-6.17511, 10.37319], [-6.20169, 10.34564], [-6.18926, 10.32851], [-6.19646, 10.31862], [-6.19686, 10.31047], [-6.19948, 10.30769], [-6.20327, 10.30945], [-6.2081, 10.32052], [-6.21608, 10.32135], [-6.22627, 10.31834], [-6.24, 10.30694], [-6.22617, 10.29249], [-6.22632, 10.26973], [-6.2142, 10.26271], [-6.20028, 10.26474], [-6.20038, 10.24495], [-6.19064, 10.23549], [-6.1461, 10.21872], [-6.1367, 10.21053], [-6.1303, 10.21442], [-6.0718, 10.21625], [-6.04272, 10.20155], [-6.01476, 10.20054], [-5.99282, 10.19437], [-5.98611, 10.19889], [-5.98076, 10.21136], [-5.95215, 10.24762], [-5.95604, 10.26934], [-5.92983, 10.27572], [-5.92326, 10.27505], [-5.90049, 10.259], [-5.8863, 10.26346], [-5.88101, 10.28302], [-5.89173, 10.29883], [-5.87147, 10.3178], [-5.87598, 10.33221], [-5.86686, 10.37241], [-5.86255, 10.37967], [-5.85812, 10.37429], [-5.85081, 10.37363], [-5.82685, 10.38758], [-5.81935, 10.40644], [-5.78241, 10.43403], [-5.77162, 10.43835], [-5.74792, 10.42729], [-5.71544, 10.42964], [-5.68461, 10.45899], [-5.66089, 10.46477], [-5.65491, 10.46403], [-5.64715, 10.45751], [-5.63093, 10.45843], [-5.6141, 10.45134], [-5.60262, 10.45502], [-5.58112, 10.45209], [-5.55921, 10.46049], [-5.5493, 10.44967], [-5.52622, 10.43716], [-5.51174, 10.42341], [-5.50993, 10.4158], [-5.50396, 10.41488], [-5.48865, 10.4012], [-5.48192, 10.37055], [-5.4751, 10.37025], [-5.46893, 10.37443], [-5.46406, 10.36857], [-5.45897, 10.35509], [-5.46255, 10.34262], [-5.45395, 10.33737], [-5.44162, 10.33812], [-5.43792, 10.33338], [-5.43663, 10.31928], [-5.43083, 10.31649], [-5.42459, 10.3217], [-5.4208, 10.32055], [-5.40829, 10.30007], [-5.39054, 10.28861], [-5.37308, 10.29001], [-5.36718, 10.28018], [-5.35828, 10.28185], [-5.3513, 10.29915], [-5.32547, 10.2878], [-5.30458, 10.30057], [-5.29468, 10.29933], [-5.29732, 10.31236], [-5.29032, 10.31716], [-5.27544, 10.30556], [-5.26432, 10.30967], [-5.26016, 10.30532], [-5.25397, 10.3048], [-5.24371, 10.31126], [-5.22953, 10.3118], [-5.21553, 10.30469], [-5.20626, 10.30839], [-5.19665, 10.31827], [-5.19378, 10.31375], [-5.20041, 10.30447], [-5.18292, 10.29709], [-5.17916, 10.29075], [-5.16614, 10.28224], [-5.14724, 10.28746], [-5.13217, 10.30766], [-5.12845, 10.30668], [-5.12379, 10.29769], [-5.11233, 10.30468], [-5.11118, 10.2968], [-5.12053, 10.27903], [-5.11603, 10.27534], [-5.104, 10.27622], [-5.09843, 10.26852], [-5.10389, 10.26263], [-5.11835, 10.25723], [-5.12319, 10.25075], [-5.12152, 10.24301], [-5.11049, 10.23887], [-5.10765, 10.23372], [-5.12043, 10.21348], [-5.12291, 10.20373], [-5.11676, 10.20082], [-5.09996, 10.20964], [-5.08971, 10.21963], [-5.08383, 10.22033], [-5.08051, 10.21309], [-5.0834, 10.18682], [-5.08921, 10.18135], [-5.10126, 10.17932], [-5.10402, 10.1738], [-5.09551, 10.1684], [-5.07185, 10.17905], [-5.06442, 10.17737], [-5.06172, 10.17214], [-5.0709, 10.15158], [-5.07059, 10.13726], [-5.06007, 10.13232], [-5.04386, 10.1308], [-5.0394, 10.12436], [-5.04028, 10.11703], [-5.04595, 10.11478], [-5.05926, 10.12342], [-5.07094, 10.12132], [-5.07479, 10.10908], [-5.06644, 10.10431], [-5.05008, 10.10283], [-5.04328, 10.10658], [-5.04005, 10.10425], [-5.04534, 10.09547], [-5.05806, 10.08934], [-5.05652, 10.08222], [-5.04832, 10.08478], [-5.03777, 10.08199], [-5.0272, 10.09421], [-5.00536, 10.10411], [-5.00253, 10.09972], [-5.00819, 10.08632], [-5.01672, 10.0778], [-5.01581, 10.06806], [-5.00861, 10.06356], [-4.99269, 10.06203], [-4.97964, 10.04632], [-4.96881, 10.03995], [-4.96128, 10.02566], [-4.95521, 9.99834], [-4.96217, 9.9957], [-4.97234, 10.00788], [-4.97982, 9.99664], [-4.97983, 9.98649], [-4.9715, 9.97847], [-4.95572, 9.97518], [-4.95073, 9.96157], [-4.93827, 9.95498], [-4.93507, 9.94986], [-4.9421, 9.94393], [-4.95747, 9.94397], [-4.9516, 9.92154], [-4.96082, 9.91476], [-4.96521, 9.90332], [-4.96294, 9.89572], [-4.95309, 9.88552], [-4.9343, 9.87776], [-4.92706, 9.86802], [-4.92045, 9.88427], [-4.9142, 9.88949], [-4.90633, 9.89067], [-4.88114, 9.87832], [-4.8469, 9.86839], [-4.83495, 9.87047], [-4.82319, 9.86568], [-4.81596, 9.84342], [-4.80693, 9.84104], [-4.79618, 9.84389], [-4.78079, 9.82872], [-4.78863, 9.81534], [-4.78732, 9.79481], [-4.77998, 9.78521], [-4.78003, 9.77924], [-4.78476, 9.77765], [-4.79597, 9.78456], [-4.808, 9.78668], [-4.81133, 9.78176], [-4.80981, 9.77587], [-4.8036, 9.77069], [-4.79126, 9.76968], [-4.78802, 9.7582], [-4.77614, 9.75145], [-4.7766, 9.74083], [-4.77239, 9.73655], [-4.76101, 9.73849], [-4.76016, 9.7423], [-4.76523, 9.74876], [-4.7581, 9.75561], [-4.73302, 9.74755], [-4.7289, 9.73651], [-4.71589, 9.72225], [-4.70099, 9.68899], [-4.68943, 9.68234], [-4.68556, 9.67557], [-4.6551, 9.68447], [-4.6502, 9.69315], [-4.64892, 9.70528], [-4.64313, 9.71078], [-4.62856, 9.70203], [-4.62129, 9.7016], [-4.60981, 9.72163], [-4.59055, 9.70673], [-4.57998, 9.69182], [-4.57065, 9.68837], [-4.55983, 9.68974], [-4.5414, 9.71394], [-4.54258, 9.72191], [-4.54954, 9.73193], [-4.54833, 9.74399], [-4.54119, 9.74795], [-4.51528, 9.75], [-4.50975, 9.74756], [-4.50432, 9.74152], [-4.50028, 9.72201], [-4.51538, 9.70491], [-4.51799, 9.69717], [-4.51648, 9.66399], [-4.50643, 9.64655], [-4.49761, 9.64402], [-4.48445, 9.64892], [-4.45144, 9.64965], [-4.42559, 9.6604], [-4.40705, 9.64516], [-4.40283, 9.61302], [-4.38833, 9.59314], [-4.37229, 9.59131], [-4.36888, 9.61539], [-4.34642, 9.62383], [-4.34029, 9.62277], [-4.3333, 9.61871], [-4.32824, 9.60782], [-4.31185, 9.59247], [-4.30704, 9.59485], [-4.29876, 9.58994], [-4.27565, 9.55694], [-4.26455, 9.55267], [-4.25501, 9.54151], [-4.24049, 9.53634], [-4.24123, 9.4954], [-4.2315, 9.47786], [-4.19138, 9.45106], [-4.1966, 9.41491], [-4.19169, 9.40578], [-4.1851, 9.40553], [-4.17716, 9.3994], [-4.1776, 9.39205], [-4.18574, 9.38176], [-4.18624, 9.36432], [-4.20862, 9.34628], [-4.1696, 9.28783], [-4.17854, 9.27791], [-4.19292, 9.27022], [-4.19682, 9.26082], [-4.19404, 9.2518], [-4.16692, 9.22857], [-4.16066, 9.23114], [-4.15914, 9.23642], [-4.14526, 9.24862], [-4.12422, 9.26223], [-4.09566, 9.25572], [-4.08277, 9.25897], [-4.07194, 9.25656], [-4.06471, 9.24308], [-4.05923, 9.23903], [-4.04761, 9.23778], [-4.02641, 9.21142], [-4.01136, 9.21542], [-4.0017, 9.20993], [-4.00066, 9.20365], [-3.9943, 9.20219], [-3.98662, 9.20661], [-3.9572, 9.20557], [-3.95191, 9.20063], [-3.94881, 9.18681], [-3.93259, 9.17009], [-3.90817, 9.16862], [-3.89138, 9.17448], [-3.88355, 9.17236], [-3.90779, 9.14298], [-3.90723, 9.12701], [-3.90233, 9.11125], [-3.8875, 9.10575], [-3.87651, 9.1068], [-3.86834, 9.11062], [-3.86441, 9.11897], [-3.84796, 9.12098], [-3.84365, 9.11479], [-3.84267, 9.08623], [-3.84607, 9.07839], [-3.85035, 9.07683], [-3.86493, 9.09705], [-3.87231, 9.10101], [-3.87884, 9.09922], [-3.88562, 9.08963], [-3.88537, 9.06616], [-3.9017, 9.05712], [-3.8956, 9.05132], [-3.88421, 9.04816], [-3.87332, 9.05075], [-3.86639, 9.03956], [-3.84968, 9.0247], [-3.83268, 9.02547], [-3.81643, 9.02003], [-3.7997, 9.0083], [-3.79464, 8.99801], [-3.82818, 8.97585], [-3.84293, 8.97466], [-3.86136, 8.95298], [-3.8817, 8.96009], [-3.90433, 8.95112], [-3.89281, 8.92584], [-3.86409, 8.91538], [-3.85707, 8.90271], [-3.85464, 8.88346], [-3.83786, 8.87655], [-3.82744, 8.86161], [-3.82391, 8.83267], [-3.80594, 8.82504], [-3.81077, 8.78283], [-3.86287, 8.72975], [-3.87263, 8.69891], [-3.86514, 8.6977], [-3.86281, 8.69371], [-3.88934, 8.6942], [-3.91436, 8.6813], [-3.92981, 8.6836], [-3.94143, 8.67105], [-3.94323, 8.64168], [-3.9467, 8.64281], [-3.95608, 8.63251], [-3.96973, 8.63652], [-3.97013, 8.63111], [-3.98122, 8.63534], [-3.97948, 8.64367], [-3.98434, 8.64645], [-3.99076, 8.64852], [-4.00169, 8.64592], [-4.0345, 8.66115], [-4.04467, 8.64842], [-4.05004, 8.65534], [-4.05888, 8.65467], [-4.06192, 8.66169], [-4.07434, 8.66816], [-4.07636, 8.66303], [-4.07356, 8.65324], [-4.0842, 8.65907], [-4.08973, 8.65616], [-4.08955, 8.65156], [-4.09298, 8.65201], [-4.10542, 8.66024], [-4.10789, 8.6492], [-4.11229, 8.64822], [-4.12413, 8.65173], [-4.13491, 8.66195], [-4.13896, 8.66094], [-4.15101, 8.66779], [-4.16074, 8.65469], [-4.16136, 8.66681], [-4.18798, 8.68383], [-4.19292, 8.68063], [-4.18902, 8.67437], [-4.19633, 8.67412], [-4.19679, 8.66668], [-4.2015, 8.66285], [-4.20006, 8.65994], [-4.20953, 8.65966], [-4.22108, 8.67249], [-4.23369, 8.67866], [-4.23876, 8.68902], [-4.24559, 8.69395], [-4.24931, 8.71221], [-4.25914, 8.71239], [-4.26152, 8.71791], [-4.25648, 8.72], [-4.25774, 8.72573], [-4.26536, 8.73203], [-4.26244, 8.74314], [-4.26874, 8.74779], [-4.27619, 8.74203], [-4.28272, 8.74811], [-4.29322, 8.73961], [-4.31673, 8.73731], [-4.32094, 8.73547], [-4.32346, 8.72828], [-4.33594, 8.72988], [-4.34245, 8.72477], [-4.35129, 8.73069], [-4.3648, 8.75522], [-4.40177, 8.74636], [-4.4237, 8.74719], [-4.43457, 8.741], [-4.44892, 8.76952], [-4.46587, 8.77199], [-4.48751, 8.79356], [-4.50683, 8.83102], [-4.50733, 8.83913], [-4.49743, 8.85142], [-4.48324, 8.88346], [-4.48346, 8.8863], [-4.49614, 8.8836], [-4.49883, 8.89847], [-4.5124, 8.91636], [-4.53268, 8.9136], [-4.55172, 8.91943], [-4.55196, 8.92344], [-4.55803, 8.92677], [-4.5727, 8.92101], [-4.60885, 8.92069], [-4.95906, 8.92854], [-4.95874, 8.94063], [-4.94937, 8.9403], [-4.94636, 8.93241], [-4.93629, 8.94371], [-4.92771, 8.94601], [-4.92982, 8.95041], [-4.9259, 8.95799], [-4.91542, 8.96187], [-4.91402, 8.97899], [-4.90542, 8.98784], [-4.91094, 8.99338], [-4.90782, 9.02038], [-4.88515, 9.08987], [-4.88621, 9.111], [-4.89511, 9.1225], [-4.90429, 9.11551], [-4.93534, 9.13113], [-4.94282, 9.12837], [-4.96312, 9.1575], [-4.9843, 9.16661], [-4.97931, 9.18208], [-4.98116, 9.18851], [-4.97713, 9.19452], [-4.98704, 9.20127], [-4.98869, 9.20774], [-4.9969, 9.2158], [-5.00965, 9.22241], [-5.0058, 9.28318], [-5.01951, 9.30585], [-5.05771, 9.31043], [-5.11416, 9.32459], [-5.14069, 9.33496], [-5.17638, 9.3748], [-5.1901, 9.41352], [-5.19773, 9.41925], [-5.20044, 9.42697], [-5.20432, 9.42763], [-5.21078, 9.41056], [-5.22049, 9.41239], [-5.23036, 9.40723], [-5.24335, 9.40649], [-5.24795, 9.40217], [-5.27894, 9.39579], [-5.28357, 9.39827], [-5.29958, 9.38832], [-5.3217, 9.39507], [-5.33956, 9.39014], [-5.33973, 9.37161], [-5.33037, 9.3672], [-5.33394, 9.35538], [-5.34404, 9.35027], [-5.34656, 9.34291], [-5.35456, 9.34117], [-5.34436, 9.33227], [-5.35881, 9.32764], [-5.35195, 9.31728], [-5.36233, 9.31087], [-5.36385, 9.3034], [-5.37008, 9.29876], [-5.38848, 9.3029], [-5.37474, 9.28256], [-5.38834, 9.27371], [-5.38391, 9.26462], [-5.38749, 9.2543], [-5.40361, 9.23294], [-5.39783, 9.22609], [-5.40241, 9.22234], [-5.40265, 9.21017], [-5.4092, 9.20648], [-5.41089, 9.19914], [-5.42042, 9.19443], [-5.43794, 9.20251], [-5.44289, 9.19753], [-5.4261, 9.19182], [-5.42406, 9.18844], [-5.43824, 9.18425], [-5.42669, 9.16863], [-5.4458, 9.15595], [-5.43563, 9.14326], [-5.45939, 9.12318], [-5.4526, 9.09869], [-5.47229, 9.08648], [-5.49307, 9.0897], [-5.49319, 9.07513], [-5.50394, 9.06639], [-5.49978, 9.05454], [-5.48879, 9.04302], [-5.454, 9.03362], [-5.43509, 9.02081], [-5.41628, 8.99268], [-5.41873, 8.981], [-5.43833, 8.9922], [-5.45027, 8.99441], [-5.46099, 8.9902], [-5.46243, 8.9818], [-5.45319, 8.9836], [-5.44456, 8.97497], [-5.44435, 8.96758], [-5.4529, 8.95793], [-5.46671, 8.97111], [-5.47305, 8.97097], [-5.47456, 8.9423], [-5.47958, 8.93188], [-5.45655, 8.92045], [-5.46197, 8.89826], [-5.49321, 8.91216], [-5.49436, 8.90548], [-5.48126, 8.89002], [-5.45825, 8.88478], [-5.44903, 8.87772], [-5.45051, 8.87105], [-5.47563, 8.85663], [-5.48853, 8.86906], [-5.50113, 8.86872], [-5.51675, 8.87356], [-5.54666, 8.86754], [-5.55594, 8.86912], [-5.56357, 8.86506], [-5.58193, 8.86924], [-5.59001, 8.86421], [-5.59439, 8.84852], [-5.60113, 8.84159], [-5.6482, 8.82791], [-5.65061, 8.83273], [-5.6595, 8.83537], [-5.67534, 8.83237], [-5.68432, 8.84156], [-5.69864, 8.84533], [-5.70475, 8.84274], [-5.70239, 8.84097], [-5.70548, 8.83178], [-5.70409, 8.8221], [-5.71819, 8.80712], [-5.71771, 8.7964], [-5.72716, 8.7781], [-5.7278, 8.77054], [-5.71657, 8.76717], [-5.70968, 8.77586], [-5.6985, 8.76589], [-5.6882, 8.76382], [-5.68658, 8.76092], [-5.69598, 8.75662], [-5.69999, 8.74732], [-5.6825, 8.7417], [-5.66949, 8.73301], [-5.67489, 8.72958], [-5.6929, 8.72952], [-5.70865, 8.72439], [-5.70411, 8.71661], [-5.69239, 8.7155], [-5.6805, 8.70507], [-5.68505, 8.69874], [-5.68455, 8.6924], [-5.68999, 8.68938], [-5.68793, 8.67698], [-5.6954, 8.67328], [-5.69164, 8.66578], [-5.69339, 8.65679], [-5.71283, 8.65505], [-5.7018, 8.6334], [-5.70166, 8.63006], [-5.70859, 8.62482], [-5.69483, 8.61541], [-5.68429, 8.59932], [-5.67809, 8.60143], [-5.67637, 8.60903], [-5.66485, 8.61834], [-5.65843, 8.61257], [-5.65342, 8.61412], [-5.63783, 8.60953], [-5.63804, 8.60351], [-5.63194, 8.59406], [-5.63561, 8.58996], [-5.64663, 8.59617], [-5.65042, 8.58728], [-5.64241, 8.57366], [-5.64962, 8.57046], [-5.63842, 8.56108], [-5.64591, 8.55864], [-5.64949, 8.5528], [-5.64111, 8.54468], [-5.70823, 8.53863], [-5.905, 8.64723], [-5.91302, 8.64056], [-5.93446, 8.64853], [-5.97279, 8.65192], [-5.97898, 8.65561], [-5.99559, 8.6756], [-6.00207, 8.69417], [-6.12886, 8.91135], [-6.13481, 8.94151], [-6.2449, 8.99438], [-6.24905, 9.02868], [-6.26809, 9.06208], [-6.25912, 9.08646], [-6.23062, 9.12268], [-6.22114, 9.14953], [-6.22985, 9.165], [-6.25126, 9.18576], [-6.25946, 9.1995], [-6.26917, 9.19534], [-6.27727, 9.1959], [-6.27894, 9.19292], [-6.29538, 9.20078], [-6.30531, 9.19532], [-6.32133, 9.20914], [-6.34092, 9.20969], [-6.34599, 9.19637], [-6.35557, 9.18644], [-6.37239, 9.15693], [-6.40608, 9.12421], [-6.41836, 9.093], [-6.44461, 9.06627], [-6.45329, 9.06724], [-6.47772, 9.06162], [-6.48159, 9.08226], [-6.49827, 9.12735], [-6.49875, 9.14461], [-6.55271, 9.15922], [-6.56717, 9.15825], [-6.57124, 9.14755], [-6.57024, 9.13961], [-6.57648, 9.1296], [-6.57635, 9.11615], [-6.55906, 9.10576], [-6.57063, 9.07364], [-6.57813, 9.06691], [-6.59763, 9.06567], [-6.6102, 9.05973], [-6.65307, 9.06816], [-6.68142, 9.06168], [-6.70042, 9.06196], [-6.70143, 9.08035], [-6.69718, 9.10038], [-6.71176, 9.10695], [-6.72085, 9.11626], [-6.75671, 9.11732], [-6.75601, 9.12731]]]}}, {"type": "Feature", "properties": {"shapeID": "83157122B62906982633778", "shapeName": "Valle Du Bandama"}, "geometry": {"type": "Polygon", "coordinates": [[[-4.03629, 8.03327], [-4.05927, 8.02668], [-4.09805, 8.00132], [-4.0964, 7.99536], [-4.07775, 7.97352], [-4.0645, 7.96923], [-4.0739, 7.93357], [-4.08225, 7.92154], [-4.0896, 7.91781], [-4.10321, 7.91523], [-4.11632, 7.91867], [-4.12175, 7.91123], [-4.13327, 7.90976], [-4.14053, 7.90367], [-4.15219, 7.90078], [-4.15308, 7.89272], [-4.15698, 7.88942], [-4.19301, 7.88546], [-4.20813, 7.88828], [-4.22383, 7.90513], [-4.24181, 7.89914], [-4.24052, 7.91795], [-4.26556, 7.92427], [-4.28166, 7.90126], [-4.29208, 7.90388], [-4.307, 7.89914], [-4.30625, 7.87342], [-4.3463, 7.84516], [-4.50364, 7.81652], [-4.52256, 7.82244], [-4.5295, 7.82866], [-4.52877, 7.82257], [-4.53689, 7.8071], [-4.53461, 7.79882], [-4.53882, 7.78616], [-4.53658, 7.7737], [-4.52139, 7.75221], [-4.51351, 7.7333], [-4.5073, 7.67282], [-4.49874, 7.66361], [-4.49549, 7.65427], [-4.49553, 7.61224], [-4.50791, 7.60964], [-4.51681, 7.60143], [-4.53081, 7.60427], [-4.53402, 7.61375], [-4.53817, 7.61598], [-4.57084, 7.61985], [-4.57911, 7.60827], [-4.5957, 7.59982], [-4.59668, 7.58961], [-4.6001, 7.58606], [-4.59852, 7.58014], [-4.60656, 7.57905], [-4.60669, 7.57197], [-4.65178, 7.55823], [-4.65878, 7.55046], [-4.65384, 7.54036], [-4.65643, 7.53469], [-4.67729, 7.51987], [-4.6917, 7.51841], [-4.72409, 7.53132], [-4.72758, 7.52576], [-4.7347, 7.52767], [-4.74521, 7.55152], [-4.75621, 7.55797], [-4.77641, 7.58022], [-4.79076, 7.56418], [-4.81912, 7.57148], [-4.82963, 7.56578], [-4.84106, 7.5729], [-4.85433, 7.58756], [-4.85931, 7.60317], [-4.87561, 7.60524], [-4.88425, 7.60995], [-4.88721, 7.57532], [-4.89616, 7.57432], [-4.90522, 7.55596], [-4.93, 7.52315], [-4.92663, 7.51383], [-4.9256, 7.48355], [-4.9345, 7.48004], [-4.94275, 7.48525], [-4.95306, 7.48195], [-4.96707, 7.49153], [-4.98718, 7.47071], [-4.98874, 7.46442], [-5.00064, 7.47465], [-5.02534, 7.45616], [-5.04841, 7.4327], [-5.05347, 7.41633], [-5.06431, 7.40548], [-5.07332, 7.40481], [-5.08453, 7.4097], [-5.10329, 7.40142], [-5.11483, 7.40073], [-5.11292, 7.39056], [-5.11944, 7.36842], [-5.14673, 7.34946], [-5.15962, 7.34513], [-5.17202, 7.34632], [-5.18134, 7.33564], [-5.19015, 7.33233], [-5.20548, 7.31377], [-5.21013, 7.29322], [-5.22627, 7.2811], [-5.2471, 7.2883], [-5.27363, 7.25733], [-5.29232, 7.22874], [-5.29825, 7.22924], [-5.30468, 7.23642], [-5.31248, 7.23587], [-5.32241, 7.24158], [-5.35225, 7.23717], [-5.39349, 7.24178], [-5.40676, 7.2772], [-5.41406, 7.2814], [-5.42829, 7.27829], [-5.43465, 7.28514], [-5.43252, 7.29827], [-5.43711, 7.30574], [-5.47104, 7.30276], [-5.4792, 7.30697], [-5.50093, 7.29439], [-5.56813, 7.28229], [-5.58301, 7.27198], [-5.60716, 7.27287], [-5.61277, 7.26752], [-5.63556, 7.26691], [-5.65086, 7.24939], [-5.65474, 7.25794], [-5.65242, 7.27363], [-5.65536, 7.27848], [-5.67394, 7.29411], [-5.70183, 7.30496], [-5.71756, 7.31808], [-5.7221, 7.32593], [-5.69834, 7.33999], [-5.68977, 7.35424], [-5.69268, 7.36089], [-5.70189, 7.36655], [-5.71043, 7.3638], [-5.7229, 7.36965], [-5.72956, 7.38246], [-5.73448, 7.40602], [-5.72605, 7.41767], [-5.71614, 7.45435], [-5.71843, 7.4636], [-5.73811, 7.47498], [-5.73375, 7.4802], [-5.7351, 7.49819], [-5.71278, 7.51088], [-5.71287, 7.52151], [-5.70914, 7.52662], [-5.7225, 7.53703], [-5.72588, 7.5437], [-5.69635, 7.54757], [-5.68801, 7.57307], [-5.70285, 7.60224], [-5.72249, 7.61674], [-5.68837, 7.63159], [-5.69344, 7.66082], [-5.68772, 7.70241], [-5.73825, 7.75108], [-5.74755, 7.77271], [-5.77102, 7.80406], [-5.76107, 7.81323], [-5.77205, 7.84564], [-5.76629, 7.87277], [-5.76952, 7.89655], [-5.76318, 7.91418], [-5.76408, 7.92001], [-5.75805, 7.93173], [-5.75121, 7.93595], [-5.74866, 7.95891], [-5.75246, 7.97107], [-5.73851, 7.98704], [-5.73654, 8.02028], [-5.73148, 8.02673], [-5.56919, 8.02361], [-5.5655, 8.03039], [-5.5545, 8.03215], [-5.5596, 8.04309], [-5.54717, 8.04019], [-5.54236, 8.06005], [-5.5278, 8.06463], [-5.52528, 8.07066], [-5.52805, 8.08012], [-5.51659, 8.08205], [-5.51971, 8.09674], [-5.51827, 8.10755], [-5.52657, 8.11698], [-5.51486, 8.12523], [-5.50743, 8.11051], [-5.48997, 8.11275], [-5.483, 8.12195], [-5.47659, 8.11729], [-5.47522, 8.10885], [-5.47188, 8.1069], [-5.45986, 8.10603], [-5.45464, 8.11569], [-5.44741, 8.11582], [-5.42424, 8.10274], [-5.42155, 8.10864], [-5.40981, 8.10104], [-5.39987, 8.1029], [-5.39744, 8.10508], [-5.40011, 8.12263], [-5.39683, 8.13658], [-5.40665, 8.15378], [-5.40502, 8.16859], [-5.36112, 8.1661], [-5.35145, 8.17803], [-5.35681, 8.20061], [-5.3465, 8.22019], [-5.36726, 8.23641], [-5.37503, 8.25682], [-5.36563, 8.25898], [-5.34794, 8.24862], [-5.33856, 8.24897], [-5.33736, 8.25217], [-5.35358, 8.26731], [-5.37447, 8.2761], [-5.3826, 8.27493], [-5.39019, 8.27875], [-5.39601, 8.30636], [-5.4192, 8.31358], [-5.43737, 8.33673], [-5.46373, 8.35206], [-5.47177, 8.3525], [-5.48142, 8.36071], [-5.49657, 8.35998], [-5.50331, 8.36837], [-5.50595, 8.38194], [-5.5183, 8.37824], [-5.55076, 8.38243], [-5.56384, 8.39224], [-5.58295, 8.4148], [-5.63108, 8.43792], [-5.63459, 8.44475], [-5.6322, 8.45174], [-5.61178, 8.45314], [-5.60714, 8.46129], [-5.5966, 8.45963], [-5.58949, 8.46379], [-5.57075, 8.45835], [-5.56571, 8.45219], [-5.54749, 8.44495], [-5.53667, 8.44983], [-5.52045, 8.46532], [-5.53516, 8.4682], [-5.54768, 8.47863], [-5.5757, 8.48736], [-5.59515, 8.50092], [-5.58979, 8.51796], [-5.60554, 8.52885], [-5.60364, 8.5399], [-5.62138, 8.5476], [-5.62113, 8.5418], [-5.62692, 8.54094], [-5.6484, 8.54919], [-5.64591, 8.55864], [-5.63842, 8.56108], [-5.64962, 8.57046], [-5.64241, 8.57366], [-5.65042, 8.58728], [-5.64663, 8.59617], [-5.63561, 8.58996], [-5.63194, 8.59406], [-5.63804, 8.60351], [-5.63783, 8.60953], [-5.65342, 8.61412], [-5.65843, 8.61257], [-5.66485, 8.61834], [-5.67637, 8.60903], [-5.67809, 8.60143], [-5.68429, 8.59932], [-5.69483, 8.61541], [-5.70859, 8.62482], [-5.70166, 8.63006], [-5.7018, 8.6334], [-5.71283, 8.65505], [-5.69339, 8.65679], [-5.69164, 8.66578], [-5.6954, 8.67328], [-5.68793, 8.67698], [-5.68999, 8.68938], [-5.68455, 8.6924], [-5.68505, 8.69874], [-5.6805, 8.70507], [-5.69239, 8.7155], [-5.70411, 8.71661], [-5.70865, 8.72439], [-5.6929, 8.72952], [-5.67489, 8.72958], [-5.66949, 8.73301], [-5.6825, 8.7417], [-5.69999, 8.74732], [-5.69598, 8.75662], [-5.68658, 8.76092], [-5.6882, 8.76382], [-5.6985, 8.76589], [-5.70968, 8.77586], [-5.71657, 8.76717], [-5.72595, 8.76809], [-5.72716, 8.7781], [-5.71771, 8.7964], [-5.71819, 8.80712], [-5.70409, 8.8221], [-5.70548, 8.83178], [-5.70239, 8.84097], [-5.70475, 8.84274], [-5.69864, 8.84533], [-5.68432, 8.84156], [-5.67534, 8.83237], [-5.6595, 8.83537], [-5.65061, 8.83273], [-5.6482, 8.82791], [-5.60113, 8.84159], [-5.59439, 8.84852], [-5.59001, 8.86421], [-5.58193, 8.86924], [-5.56357, 8.86506], [-5.55594, 8.86912], [-5.54666, 8.86754], [-5.51675, 8.87356], [-5.50113, 8.86872], [-5.48853, 8.86906], [-5.47563, 8.85663], [-5.45051, 8.87105], [-5.44903, 8.87772], [-5.45825, 8.88478], [-5.48126, 8.89002], [-5.49436, 8.90548], [-5.49321, 8.91216], [-5.46197, 8.89826], [-5.45655, 8.92045], [-5.47958, 8.93188], [-5.47456, 8.9423], [-5.47305, 8.97097], [-5.46671, 8.97111], [-5.4529, 8.95793], [-5.44435, 8.96758], [-5.44456, 8.97497], [-5.45319, 8.9836], [-5.46243, 8.9818], [-5.46099, 8.9902], [-5.45027, 8.99441], [-5.43833, 8.9922], [-5.41873, 8.981], [-5.41628, 8.99268], [-5.43509, 9.02081], [-5.454, 9.03362], [-5.48879, 9.04302], [-5.49978, 9.05454], [-5.50394, 9.06639], [-5.49319, 9.07513], [-5.49307, 9.0897], [-5.47229, 9.08648], [-5.4526, 9.09869], [-5.45939, 9.12318], [-5.43563, 9.14326], [-5.4458, 9.15595], [-5.42669, 9.16863], [-5.43824, 9.18425], [-5.42406, 9.18844], [-5.4261, 9.19182], [-5.44289, 9.19753], [-5.43794, 9.20251], [-5.42042, 9.19443], [-5.41089, 9.19914], [-5.4092, 9.20648], [-5.40265, 9.21017], [-5.40241, 9.22234], [-5.39783, 9.22609], [-5.40361, 9.23294], [-5.38749, 9.2543], [-5.38391, 9.26462], [-5.38834, 9.27371], [-5.37474, 9.28256], [-5.38848, 9.3029], [-5.37008, 9.29876], [-5.36385, 9.3034], [-5.36233, 9.31087], [-5.35195, 9.31728], [-5.35881, 9.32764], [-5.34436, 9.33227], [-5.35456, 9.34117], [-5.34656, 9.34291], [-5.34404, 9.35027], [-5.33394, 9.35538], [-5.33037, 9.3672], [-5.33973, 9.37161], [-5.34086, 9.38395], [-5.33786, 9.39205], [-5.3217, 9.39507], [-5.29958, 9.38832], [-5.28357, 9.39827], [-5.27894, 9.39579], [-5.24795, 9.40217], [-5.24335, 9.40649], [-5.23036, 9.40723], [-5.22049, 9.41239], [-5.21078, 9.41056], [-5.20432, 9.42763], [-5.20044, 9.42697], [-5.19773, 9.41925], [-5.1901, 9.41352], [-5.17638, 9.3748], [-5.14069, 9.33496], [-5.11416, 9.32459], [-5.05771, 9.31043], [-5.01951, 9.30585], [-5.0058, 9.28318], [-5.00965, 9.22241], [-4.9969, 9.2158], [-4.98869, 9.20774], [-4.98704, 9.20127], [-4.97713, 9.19452], [-4.98116, 9.18851], [-4.97931, 9.18208], [-4.9843, 9.16661], [-4.96312, 9.1575], [-4.94282, 9.12837], [-4.93534, 9.13113], [-4.90429, 9.11551], [-4.89511, 9.1225], [-4.88621, 9.111], [-4.88515, 9.08987], [-4.90782, 9.02038], [-4.91094, 8.99338], [-4.90542, 8.98784], [-4.91402, 8.97899], [-4.91542, 8.96187], [-4.9259, 8.95799], [-4.92982, 8.95041], [-4.92771, 8.94601], [-4.93629, 8.94371], [-4.94636, 8.93241], [-4.94937, 8.9403], [-4.95874, 8.94063], [-4.95906, 8.92854], [-4.60885, 8.92069], [-4.5727, 8.92101], [-4.55803, 8.92677], [-4.55196, 8.92344], [-4.55172, 8.91943], [-4.53268, 8.9136], [-4.5124, 8.91636], [-4.49883, 8.89847], [-4.49614, 8.8836], [-4.48346, 8.8863], [-4.48324, 8.88346], [-4.49743, 8.85142], [-4.50733, 8.83913], [-4.50683, 8.83102], [-4.48751, 8.79356], [-4.46587, 8.77199], [-4.44892, 8.76952], [-4.43457, 8.741], [-4.4237, 8.74719], [-4.40177, 8.74636], [-4.3648, 8.75522], [-4.35129, 8.73069], [-4.34245, 8.72477], [-4.33594, 8.72988], [-4.32346, 8.72828], [-4.32094, 8.73547], [-4.31673, 8.73731], [-4.29322, 8.73961], [-4.28272, 8.74811], [-4.27619, 8.74203], [-4.26874, 8.74779], [-4.26244, 8.74314], [-4.26536, 8.73203], [-4.25774, 8.72573], [-4.25648, 8.72], [-4.26152, 8.71791], [-4.25914, 8.71239], [-4.24931, 8.71221], [-4.24559, 8.69395], [-4.23876, 8.68902], [-4.23369, 8.67866], [-4.22108, 8.67249], [-4.20953, 8.65966], [-4.20006, 8.65994], [-4.2015, 8.66285], [-4.19679, 8.66668], [-4.19633, 8.67412], [-4.18902, 8.67437], [-4.19292, 8.68063], [-4.18798, 8.68383], [-4.16136, 8.66681], [-4.16074, 8.65469], [-4.15101, 8.66779], [-4.13896, 8.66094], [-4.13491, 8.66195], [-4.12413, 8.65173], [-4.11229, 8.64822], [-4.10789, 8.6492], [-4.10542, 8.66024], [-4.09298, 8.65201], [-4.08955, 8.65156], [-4.08973, 8.65616], [-4.0842, 8.65907], [-4.07356, 8.65324], [-4.07636, 8.66303], [-4.07434, 8.66816], [-4.06192, 8.66169], [-4.05888, 8.65467], [-4.05004, 8.65534], [-4.04467, 8.64842], [-4.0345, 8.66115], [-4.00169, 8.64592], [-3.99076, 8.64852], [-3.98434, 8.64645], [-3.97948, 8.64367], [-3.98122, 8.63534], [-3.97377, 8.6317], [-3.97013, 8.63111], [-3.96973, 8.63652], [-3.95608, 8.63251], [-3.9467, 8.64281], [-3.94323, 8.64168], [-3.94504, 8.62877], [-3.91764, 8.60566], [-3.89995, 8.57642], [-3.91719, 8.5691], [-3.94179, 8.54908], [-3.97564, 8.54204], [-3.98175, 8.53623], [-3.9846, 8.52534], [-3.9823, 8.51442], [-3.94849, 8.50533], [-3.93082, 8.49697], [-3.92596, 8.48841], [-3.9261, 8.47891], [-3.93539, 8.46723], [-3.93865, 8.44745], [-3.98107, 8.43077], [-4.00213, 8.43343], [-4.0061, 8.42746], [-3.99423, 8.3996], [-3.98101, 8.4019], [-3.96083, 8.39683], [-3.95776, 8.39292], [-3.96874, 8.37665], [-3.98763, 8.37337], [-3.99288, 8.36733], [-3.98199, 8.35332], [-3.95983, 8.34533], [-3.96823, 8.32623], [-3.96907, 8.30494], [-3.97781, 8.298], [-4.04538, 8.30709], [-4.05533, 8.30377], [-4.06262, 8.29098], [-4.04431, 8.2661], [-4.01858, 8.24542], [-4.00934, 8.23139], [-4.01436, 8.21873], [-4.03359, 8.19822], [-4.03221, 8.17949], [-4.02456, 8.1722], [-4.01027, 8.17421], [-3.98387, 8.16563], [-3.98196, 8.15791], [-3.96989, 8.14859], [-3.95102, 8.12308], [-3.93254, 8.11799], [-3.9326, 8.10691], [-3.93842, 8.10354], [-3.95937, 8.10301], [-3.97891, 8.10872], [-3.99989, 8.10377], [-4.00665, 8.09613], [-4.00488, 8.08097], [-4.01611, 8.06285], [-4.01817, 8.04803], [-4.03629, 8.03327]]]}}, {"type": "Feature", "properties": {"shapeID": "83157122B58892240487392", "shapeName": "Woroba"}, "geometry": {"type": "Polygon", "coordinates": [[[-7.69597, 9.05653], [-7.68597, 9.04135], [-7.68632, 9.02423], [-7.68023, 9.00584], [-7.68118, 8.98023], [-7.67494, 8.96677], [-7.65669, 8.96132], [-7.6424, 8.96783], [-7.63824, 8.95957], [-7.61191, 8.95288], [-7.58257, 8.93007], [-7.57043, 8.92824], [-7.56948, 8.91518], [-7.55766, 8.90786], [-7.56375, 8.89971], [-7.54539, 8.88179], [-7.54779, 8.86882], [-7.54227, 8.85177], [-7.53458, 8.84914], [-7.53143, 8.84264], [-7.50363, 8.83392], [-7.46904, 8.80288], [-7.45165, 8.77978], [-7.42067, 8.75649], [-7.41664, 8.7604], [-7.39743, 8.75526], [-7.39547, 8.75083], [-7.40406, 8.7449], [-7.40108, 8.7384], [-7.38809, 8.74122], [-7.38018, 8.72492], [-7.36483, 8.70876], [-7.36958, 8.70157], [-7.36332, 8.69173], [-7.36735, 8.69051], [-7.36536, 8.68348], [-7.35986, 8.67955], [-7.35091, 8.67992], [-7.34479, 8.68703], [-7.34017, 8.67783], [-7.32155, 8.67482], [-7.31175, 8.67722], [-7.30821, 8.68164], [-7.27995, 8.67062], [-7.26934, 8.66111], [-7.26396, 8.65204], [-7.25458, 8.64569], [-7.24904, 8.63325], [-7.23852, 8.62692], [-7.23705, 8.61844], [-7.23177, 8.61414], [-7.23658, 8.60756], [-7.23559, 8.5937], [-7.23084, 8.59081], [-7.22758, 8.57996], [-7.21937, 8.57313], [-7.21899, 8.56283], [-7.22545, 8.55485], [-7.21467, 8.54715], [-7.2093, 8.52569], [-7.19871, 8.51498], [-7.1795, 8.51196], [-7.18528, 8.51995], [-7.17755, 8.52599], [-7.17836, 8.53038], [-7.18623, 8.53562], [-7.18015, 8.54264], [-7.1913, 8.55534], [-7.20241, 8.56197], [-7.20679, 8.57323], [-7.19807, 8.58357], [-7.19699, 8.59043], [-7.19924, 8.59366], [-7.2052, 8.59201], [-7.2071, 8.589], [-7.20461, 8.58664], [-7.21548, 8.59474], [-7.20164, 8.59696], [-7.20604, 8.62311], [-7.2152, 8.62345], [-7.21705, 8.61843], [-7.21947, 8.62322], [-7.21332, 8.6301], [-7.21384, 8.6359], [-7.20802, 8.6447], [-7.21017, 8.65084], [-7.21592, 8.65425], [-7.20893, 8.66884], [-7.21407, 8.68601], [-7.20741, 8.68881], [-7.19972, 8.70672], [-7.20475, 8.73157], [-7.19237, 8.73873], [-7.20179, 8.75318], [-7.20197, 8.76464], [-7.18991, 8.77279], [-7.18528, 8.7801], [-7.19571, 8.78202], [-7.20232, 8.78991], [-7.20072, 8.79662], [-7.19046, 8.8059], [-7.19835, 8.80906], [-7.20085, 8.82103], [-7.20998, 8.82663], [-7.19705, 8.83331], [-7.19528, 8.84409], [-7.20865, 8.84433], [-7.20964, 8.86882], [-7.2209, 8.87282], [-7.22385, 8.87724], [-7.21936, 8.88458], [-7.21372, 8.87852], [-7.21264, 8.88767], [-7.21772, 8.89588], [-7.21154, 8.9186], [-7.22423, 8.92652], [-7.22795, 8.9331], [-7.2281, 8.94317], [-7.22094, 8.9567], [-7.17715, 8.95431], [-7.16986, 8.99252], [-7.15988, 8.99576], [-7.15277, 9.00413], [-7.14657, 8.99872], [-7.1124, 9.04504], [-7.10019, 9.04438], [-7.07121, 9.02934], [-7.03944, 8.98083], [-7.01843, 8.96804], [-6.98575, 8.97339], [-6.96157, 8.9648], [-6.94383, 8.97416], [-6.92304, 8.95518], [-6.91801, 8.94471], [-6.90213, 8.93876], [-6.90733, 8.98677], [-6.9031, 9.01103], [-6.90494, 9.01848], [-6.8981, 9.03217], [-6.90024, 9.03742], [-6.89724, 9.05458], [-6.88939, 9.06668], [-6.87138, 9.07651], [-6.849, 9.07618], [-6.83427, 9.07053], [-6.82425, 9.07642], [-6.81592, 9.08722], [-6.80542, 9.08978], [-6.79988, 9.09672], [-6.78474, 9.10463], [-6.76838, 9.10683], [-6.75399, 9.11879], [-6.73765, 9.11885], [-6.72085, 9.11626], [-6.71176, 9.10695], [-6.69718, 9.10038], [-6.70143, 9.08035], [-6.70042, 9.06196], [-6.68142, 9.06168], [-6.65307, 9.06816], [-6.6102, 9.05973], [-6.59763, 9.06567], [-6.58319, 9.06546], [-6.57063, 9.07364], [-6.55911, 9.10344], [-6.56225, 9.10846], [-6.57098, 9.11047], [-6.57753, 9.11952], [-6.57648, 9.1296], [-6.57024, 9.13961], [-6.57124, 9.14755], [-6.56717, 9.15825], [-6.55271, 9.15922], [-6.49875, 9.14461], [-6.49827, 9.12735], [-6.48159, 9.08226], [-6.47772, 9.06162], [-6.45329, 9.06724], [-6.44461, 9.06627], [-6.41836, 9.093], [-6.40608, 9.12421], [-6.37239, 9.15693], [-6.35557, 9.18644], [-6.34599, 9.19637], [-6.34092, 9.20969], [-6.32133, 9.20914], [-6.30531, 9.19532], [-6.29538, 9.20078], [-6.27894, 9.19292], [-6.27727, 9.1959], [-6.26917, 9.19534], [-6.25946, 9.1995], [-6.25126, 9.18576], [-6.22985, 9.165], [-6.22114, 9.14953], [-6.23062, 9.12268], [-6.25912, 9.08646], [-6.26809, 9.06208], [-6.24905, 9.02868], [-6.2449, 8.99438], [-6.13481, 8.94151], [-6.12886, 8.91135], [-6.00207, 8.69417], [-5.99559, 8.6756], [-5.97898, 8.65561], [-5.97279, 8.65192], [-5.93446, 8.64853], [-5.91302, 8.64056], [-5.905, 8.64723], [-5.70823, 8.53863], [-5.63495, 8.54524], [-5.62369, 8.54106], [-5.62113, 8.5418], [-5.62138, 8.5476], [-5.60364, 8.5399], [-5.60554, 8.52885], [-5.58979, 8.51796], [-5.59515, 8.50092], [-5.5757, 8.48736], [-5.54768, 8.47863], [-5.53516, 8.4682], [-5.52045, 8.46532], [-5.53667, 8.44983], [-5.54749, 8.44495], [-5.56571, 8.45219], [-5.57075, 8.45835], [-5.58949, 8.46379], [-5.5966, 8.45963], [-5.60714, 8.46129], [-5.61178, 8.45314], [-5.6322, 8.45174], [-5.63459, 8.44475], [-5.63108, 8.43792], [-5.58295, 8.4148], [-5.56384, 8.39224], [-5.55076, 8.38243], [-5.5183, 8.37824], [-5.50595, 8.38194], [-5.50331, 8.36837], [-5.49657, 8.35998], [-5.48142, 8.36071], [-5.47177, 8.3525], [-5.46373, 8.35206], [-5.43737, 8.33673], [-5.4192, 8.31358], [-5.39601, 8.30636], [-5.39019, 8.27875], [-5.3826, 8.27493], [-5.37447, 8.2761], [-5.35358, 8.26731], [-5.33736, 8.25217], [-5.33856, 8.24897], [-5.34794, 8.24862], [-5.36563, 8.25898], [-5.37503, 8.25682], [-5.36726, 8.23641], [-5.3465, 8.22019], [-5.35681, 8.20061], [-5.35145, 8.17803], [-5.36112, 8.1661], [-5.40502, 8.16859], [-5.40665, 8.15378], [-5.39683, 8.13658], [-5.40011, 8.12263], [-5.39744, 8.10508], [-5.39987, 8.1029], [-5.40981, 8.10104], [-5.42155, 8.10864], [-5.42424, 8.10274], [-5.44741, 8.11582], [-5.45464, 8.11569], [-5.45986, 8.10603], [-5.47188, 8.1069], [-5.47522, 8.10885], [-5.47659, 8.11729], [-5.483, 8.12195], [-5.48997, 8.11275], [-5.50743, 8.11051], [-5.51486, 8.12523], [-5.52657, 8.11698], [-5.51827, 8.10755], [-5.51971, 8.09674], [-5.51659, 8.08205], [-5.52805, 8.08012], [-5.52528, 8.07066], [-5.5278, 8.06463], [-5.54236, 8.06005], [-5.54717, 8.04019], [-5.5596, 8.04309], [-5.5545, 8.03215], [-5.5655, 8.03039], [-5.56919, 8.02361], [-5.73148, 8.02673], [-5.73654, 8.02028], [-5.73851, 7.98704], [-5.75246, 7.97107], [-5.74866, 7.95891], [-5.75121, 7.93595], [-5.75805, 7.93173], [-5.76408, 7.92001], [-5.76318, 7.91418], [-5.76952, 7.89655], [-5.76629, 7.87277], [-5.77205, 7.84564], [-5.76107, 7.81323], [-5.77102, 7.80406], [-5.74755, 7.77271], [-5.73825, 7.75108], [-5.68772, 7.70241], [-5.69344, 7.66082], [-5.68837, 7.63159], [-5.72249, 7.61674], [-5.70285, 7.60224], [-5.68801, 7.57307], [-5.69635, 7.54757], [-5.72588, 7.5437], [-5.73115, 7.55268], [-5.72987, 7.56123], [-5.7349, 7.5664], [-5.74046, 7.58424], [-5.74671, 7.59112], [-5.75673, 7.58947], [-5.76632, 7.59508], [-5.79798, 7.63259], [-5.79827, 7.63839], [-5.79092, 7.64603], [-5.78276, 7.66802], [-5.79413, 7.69866], [-5.79466, 7.74176], [-5.80699, 7.75149], [-5.83574, 7.75284], [-5.85099, 7.73769], [-5.85719, 7.73569], [-5.95229, 7.72946], [-5.98061, 7.75414], [-5.99765, 7.7468], [-6.02082, 7.75351], [-6.03496, 7.74898], [-6.05126, 7.71843], [-6.04867, 7.71144], [-6.05166, 7.7109], [-6.05522, 7.71864], [-6.0608, 7.71592], [-6.0638, 7.69939], [-6.05513, 7.68744], [-6.05911, 7.6854], [-6.05906, 7.67902], [-6.06625, 7.67341], [-6.06701, 7.66687], [-6.0742, 7.65636], [-6.10505, 7.63627], [-6.11009, 7.63617], [-6.11942, 7.64427], [-6.13786, 7.65271], [-6.16804, 7.65784], [-6.18558, 7.67547], [-6.19215, 7.67617], [-6.2004, 7.68278], [-6.21337, 7.68417], [-6.21573, 7.69275], [-6.21249, 7.72853], [-6.23676, 7.7566], [-6.23513, 7.7733], [-6.24314, 7.77999], [-6.33456, 7.77789], [-6.36805, 7.77109], [-6.46198, 7.73525], [-6.59862, 7.79584], [-6.61805, 7.80003], [-6.99835, 7.80323], [-7.08072, 7.79544], [-7.08217, 7.8055], [-7.07709, 7.81362], [-7.07753, 7.84985], [-7.08359, 7.85526], [-7.0914, 7.85665], [-7.11717, 7.85581], [-7.11974, 7.86875], [-7.11779, 7.87901], [-7.10335, 7.88422], [-7.09952, 7.90672], [-7.07832, 7.91905], [-7.0726, 7.9259], [-7.0687, 7.94304], [-7.07708, 7.96029], [-7.06871, 7.98799], [-7.11901, 7.97811], [-7.24939, 7.97736], [-7.25298, 7.98249], [-7.25148, 7.98692], [-7.25688, 7.99155], [-7.25809, 8.01027], [-7.2705, 8.0239], [-7.27299, 8.03334], [-7.28751, 8.04467], [-7.29688, 8.06265], [-7.31287, 8.06553], [-7.31528, 8.06933], [-7.31989, 8.06793], [-7.33478, 8.08183], [-7.35004, 8.08632], [-7.39978, 8.11923], [-7.42749, 8.12702], [-7.43273, 8.13604], [-7.43652, 8.15456], [-7.45721, 8.15373], [-7.47453, 8.14464], [-7.48868, 8.12503], [-7.49178, 8.10416], [-7.51816, 8.07919], [-7.52226, 8.07118], [-7.52203, 8.05522], [-7.50922, 8.03824], [-7.50895, 8.0282], [-7.51567, 8.01728], [-7.5132, 8.00474], [-7.51853, 7.99098], [-7.51797, 7.96106], [-7.52434, 7.9375], [-7.51316, 7.93176], [-7.50697, 7.92367], [-7.50849, 7.91959], [-7.51788, 7.9197], [-7.52578, 7.91395], [-7.51614, 7.9034], [-7.51748, 7.89298], [-7.52465, 7.88985], [-7.52255, 7.87842], [-7.52981, 7.86844], [-7.53932, 7.86867], [-7.54411, 7.86078], [-7.55354, 7.87472], [-7.5527, 7.86803], [-7.56051, 7.86721], [-7.57284, 7.85847], [-7.5797, 7.85943], [-7.5865, 7.86532], [-7.58474, 7.87109], [-7.58928, 7.87628], [-7.59306, 7.86917], [-7.60878, 7.87062], [-7.61497, 7.864], [-7.61152, 7.85245], [-7.62452, 7.84923], [-7.6318, 7.84119], [-7.6446, 7.84584], [-7.652, 7.84025], [-7.668, 7.85537], [-7.67452, 7.84806], [-7.68197, 7.84741], [-7.68995, 7.85511], [-7.68795, 7.8662], [-7.69978, 7.86357], [-7.70452, 7.86631], [-7.70887, 7.87652], [-7.70441, 7.88059], [-7.70878, 7.8872], [-7.72175, 7.88221], [-7.72878, 7.88473], [-7.73814, 7.88246], [-7.7706, 7.89008], [-7.77465, 7.89746], [-7.78143, 7.90079], [-7.78101, 7.90722], [-7.78529, 7.91236], [-7.79561, 7.91754], [-7.80131, 7.91543], [-7.79638, 7.93361], [-7.80026, 7.94106], [-7.80639, 7.93848], [-7.81357, 7.94108], [-7.8216, 7.95455], [-7.83182, 7.95354], [-7.8386, 7.95962], [-7.84229, 7.9546], [-7.84566, 7.95572], [-7.84798, 7.97097], [-7.8423, 7.97666], [-7.84737, 7.98575], [-7.85165, 7.9865], [-7.84848, 7.9975], [-7.85394, 8.00049], [-7.85665, 8.01837], [-7.87367, 8.02076], [-7.87393, 8.02355], [-7.88072, 8.01975], [-7.88626, 8.02323], [-7.88686, 8.01326], [-7.90226, 8.00603], [-7.91254, 8.01088], [-7.91373, 8.01533], [-7.92639, 8.0124], [-7.93306, 8.01776], [-7.93666, 8.03459], [-7.93468, 8.04067], [-7.95133, 8.05151], [-7.96832, 8.08172], [-7.9845, 8.09017], [-7.99253, 8.08951], [-7.9997, 8.09354], [-8.00184, 8.10518], [-7.99711, 8.11414], [-7.98963, 8.11549], [-7.98422, 8.12147], [-7.98787, 8.13697], [-7.98474, 8.16571], [-7.97249, 8.18809], [-7.97763, 8.19416], [-7.98596, 8.19128], [-8.00143, 8.17838], [-8.00783, 8.18021], [-8.01794, 8.1982], [-8.02301, 8.19495], [-8.02419, 8.18763], [-8.02051, 8.17401], [-8.0343, 8.17988], [-8.04063, 8.1763], [-8.04619, 8.16726], [-8.04459, 8.1552], [-8.04866, 8.15328], [-8.06283, 8.15532], [-8.07622, 8.16992], [-8.11717, 8.18556], [-8.14558, 8.17815], [-8.17149, 8.18386], [-8.18899, 8.20556], [-8.20764, 8.21739], [-8.23969, 8.23], [-8.2421, 8.24299], [-8.23305, 8.26335], [-8.21431, 8.27876], [-8.21311, 8.29519], [-8.219, 8.3053], [-8.21747, 8.31129], [-8.2208, 8.32064], [-8.21041, 8.34938], [-8.21225, 8.35924], [-8.22857, 8.39145], [-8.22603, 8.40142], [-8.23773, 8.41747], [-8.23447, 8.46008], [-8.22975, 8.46491], [-8.20993, 8.46232], [-8.1936, 8.47414], [-8.18463, 8.49687], [-8.17717, 8.49993], [-8.16397, 8.49759], [-8.15689, 8.49065], [-8.14477, 8.49075], [-8.1413, 8.47944], [-8.12798, 8.48792], [-8.11923, 8.48032], [-8.10632, 8.48274], [-8.10088, 8.4771], [-8.08958, 8.48148], [-8.07603, 8.4964], [-8.06606, 8.49635], [-8.05405, 8.50388], [-8.03123, 8.493], [-8.01253, 8.49249], [-8.00016, 8.48623], [-7.99058, 8.48872], [-7.97166, 8.48413], [-7.96648, 8.49449], [-7.95445, 8.49715], [-7.93635, 8.49543], [-7.92498, 8.50239], [-7.918, 8.49289], [-7.90587, 8.48573], [-7.90689, 8.47994], [-7.89789, 8.46598], [-7.90053, 8.4609], [-7.9078, 8.45798], [-7.90957, 8.44649], [-7.89911, 8.44725], [-7.89964, 8.43364], [-7.8921, 8.43552], [-7.88527, 8.43144], [-7.87736, 8.43195], [-7.87174, 8.42726], [-7.87131, 8.41784], [-7.86411, 8.41689], [-7.83121, 8.4207], [-7.82638, 8.4241], [-7.81874, 8.43818], [-7.8261, 8.47015], [-7.81897, 8.47366], [-7.82099, 8.4794], [-7.81466, 8.4886], [-7.80386, 8.47748], [-7.79017, 8.48014], [-7.78703, 8.47274], [-7.77493, 8.46589], [-7.76407, 8.435], [-7.75588, 8.42344], [-7.75521, 8.41545], [-7.74586, 8.40174], [-7.74643, 8.39366], [-7.73438, 8.37418], [-7.72645, 8.37174], [-7.71279, 8.37551], [-7.68251, 8.37015], [-7.6761, 8.37504], [-7.66627, 8.37019], [-7.65866, 8.37623], [-7.64923, 8.36734], [-7.64129, 8.37176], [-7.62846, 8.37183], [-7.62806, 8.37457], [-7.63923, 8.38333], [-7.64418, 8.39676], [-7.65432, 8.40489], [-7.66734, 8.42433], [-7.66234, 8.4395], [-7.6662, 8.45943], [-7.65492, 8.47117], [-7.65218, 8.49307], [-7.69005, 8.5519], [-7.69023, 8.56589], [-7.65984, 8.61523], [-7.68551, 8.64957], [-7.70704, 8.65186], [-7.71398, 8.6561], [-7.73572, 8.68433], [-7.733, 8.70848], [-7.73491, 8.72574], [-7.7645, 8.72472], [-7.78052, 8.73065], [-7.76679, 8.75644], [-7.76675, 8.7645], [-7.76974, 8.7669], [-7.77581, 8.76683], [-7.78381, 8.7605], [-7.80373, 8.7619], [-7.81929, 8.75318], [-7.82849, 8.76734], [-7.85016, 8.76957], [-7.8586, 8.78557], [-7.86829, 8.78664], [-7.88425, 8.78341], [-7.89248, 8.77234], [-7.9182, 8.76918], [-7.92922, 8.78347], [-7.94029, 8.78661], [-7.93973, 8.80057], [-7.95406, 8.82028], [-7.95359, 8.84801], [-7.93599, 8.84602], [-7.9306, 8.87343], [-7.9125, 8.88193], [-7.91099, 8.88863], [-7.92525, 8.90306], [-7.93744, 8.90671], [-7.91672, 8.93432], [-7.92739, 8.9434], [-7.9234, 8.95585], [-7.93323, 8.9732], [-7.93299, 8.97924], [-7.89536, 9.00994], [-7.8873, 9.02912], [-7.85758, 9.03015], [-7.84467, 9.04526], [-7.84077, 9.06407], [-7.83636, 9.06953], [-7.82158, 9.05597], [-7.79365, 9.07022], [-7.76178, 9.07042], [-7.73134, 9.06173], [-7.71925, 9.07004], [-7.69597, 9.05653]]]}}, {"type": "Feature", "properties": {"shapeID": "83157122B79983119233374", "shapeName": "Zanzan"}, "geometry": {"type": "Polygon", "coordinates": [[[-3.51767, 7.36697], [-3.49845, 7.39105], [-3.49723, 7.42939], [-3.52397, 7.45823], [-3.53511, 7.48475], [-3.57216, 7.49635], [-3.58451, 7.50802], [-3.5938, 7.51018], [-3.6018, 7.5192], [-3.60023, 7.53291], [-3.58464, 7.54122], [-3.57508, 7.55323], [-3.58383, 7.58268], [-3.60107, 7.59365], [-3.61061, 7.59364], [-3.62384, 7.58887], [-3.64014, 7.57585], [-3.64933, 7.5744], [-3.65667, 7.57944], [-3.66153, 7.58502], [-3.66708, 7.60316], [-3.68425, 7.62559], [-3.68521, 7.6404], [-3.69799, 7.64835], [-3.70981, 7.6473], [-3.73421, 7.66571], [-3.73685, 7.69123], [-3.73316, 7.70197], [-3.73471, 7.71074], [-3.73032, 7.71926], [-3.74033, 7.74033], [-3.75055, 7.7315], [-3.75921, 7.73145], [-3.76624, 7.73784], [-3.78532, 7.7347], [-3.80152, 7.7417], [-3.82856, 7.73876], [-3.83467, 7.74751], [-3.8283, 7.7602], [-3.83015, 7.76522], [-3.84918, 7.77306], [-3.86826, 7.76914], [-3.87729, 7.77056], [-3.87714, 7.77633], [-3.85887, 7.79743], [-3.87933, 7.81495], [-3.87621, 7.82883], [-3.86487, 7.84342], [-3.86692, 7.85549], [-3.88489, 7.87719], [-3.90123, 7.88102], [-3.91971, 7.87871], [-3.94179, 7.89126], [-3.97015, 7.89129], [-3.99844, 7.90013], [-3.99985, 7.90442], [-3.99309, 7.91141], [-3.96689, 7.91482], [-3.94787, 7.92421], [-3.94689, 7.93426], [-3.92818, 7.95102], [-3.9251, 7.9584], [-3.92852, 7.97474], [-3.93487, 7.97593], [-3.96851, 7.96605], [-3.98577, 7.96682], [-4.00981, 7.94905], [-4.01567, 7.95334], [-4.02173, 7.97701], [-4.01687, 7.98807], [-4.00658, 7.99406], [-3.99437, 8.0094], [-3.97778, 8.01167], [-3.9737, 8.02109], [-3.99352, 8.02598], [-4.01817, 8.04803], [-4.01611, 8.06285], [-4.00488, 8.08097], [-4.00665, 8.09613], [-3.99573, 8.10645], [-3.97891, 8.10872], [-3.95937, 8.10301], [-3.93842, 8.10354], [-3.9326, 8.10691], [-3.93254, 8.11799], [-3.95102, 8.12308], [-3.96989, 8.14859], [-3.98196, 8.15791], [-3.98387, 8.16563], [-4.01027, 8.17421], [-4.02456, 8.1722], [-4.03221, 8.17949], [-4.03359, 8.19822], [-4.01436, 8.21873], [-4.00934, 8.23139], [-4.01858, 8.24542], [-4.04431, 8.2661], [-4.06262, 8.29098], [-4.05533, 8.30377], [-4.04538, 8.30709], [-3.97781, 8.298], [-3.96907, 8.30494], [-3.96823, 8.32623], [-3.95983, 8.34533], [-3.98199, 8.35332], [-3.99288, 8.36733], [-3.98763, 8.37337], [-3.96874, 8.37665], [-3.95776, 8.39292], [-3.96083, 8.39683], [-3.98101, 8.4019], [-3.99423, 8.3996], [-4.0061, 8.42746], [-4.00213, 8.43343], [-3.98107, 8.43077], [-3.93865, 8.44745], [-3.93539, 8.46723], [-3.9261, 8.47891], [-3.92596, 8.48841], [-3.93082, 8.49697], [-3.94849, 8.50533], [-3.9823, 8.51442], [-3.9846, 8.52534], [-3.98175, 8.53623], [-3.97564, 8.54204], [-3.94179, 8.54908], [-3.91719, 8.5691], [-3.89995, 8.57642], [-3.91764, 8.60566], [-3.94504, 8.62877], [-3.94143, 8.67105], [-3.92981, 8.6836], [-3.91436, 8.6813], [-3.88934, 8.6942], [-3.86281, 8.69371], [-3.86514, 8.6977], [-3.87263, 8.69891], [-3.86287, 8.72975], [-3.81077, 8.78283], [-3.80594, 8.82504], [-3.82391, 8.83267], [-3.82744, 8.86161], [-3.83786, 8.87655], [-3.85464, 8.88346], [-3.85707, 8.90271], [-3.86409, 8.91538], [-3.89281, 8.92584], [-3.90433, 8.95112], [-3.8817, 8.96009], [-3.86136, 8.95298], [-3.84293, 8.97466], [-3.82818, 8.97585], [-3.81765, 8.98521], [-3.80008, 8.99257], [-3.79541, 9.00074], [-3.7997, 9.0083], [-3.81643, 9.02003], [-3.83268, 9.02547], [-3.85262, 9.02648], [-3.87332, 9.05075], [-3.88421, 9.04816], [-3.8956, 9.05132], [-3.9017, 9.05712], [-3.88537, 9.06616], [-3.88562, 9.08963], [-3.87884, 9.09922], [-3.87231, 9.10101], [-3.86493, 9.09705], [-3.85035, 9.07683], [-3.84607, 9.07839], [-3.84267, 9.08623], [-3.84365, 9.11479], [-3.84796, 9.12098], [-3.86441, 9.11897], [-3.86834, 9.11062], [-3.87651, 9.1068], [-3.8875, 9.10575], [-3.90233, 9.11125], [-3.90723, 9.12701], [-3.90779, 9.14298], [-3.88355, 9.17236], [-3.89138, 9.17448], [-3.90817, 9.16862], [-3.93259, 9.17009], [-3.94881, 9.18681], [-3.95191, 9.20063], [-3.9572, 9.20557], [-3.98662, 9.20661], [-3.9943, 9.20219], [-4.00066, 9.20365], [-4.0017, 9.20993], [-4.01136, 9.21542], [-4.02641, 9.21142], [-4.04761, 9.23778], [-4.05923, 9.23903], [-4.06471, 9.24308], [-4.07194, 9.25656], [-4.08277, 9.25897], [-4.09566, 9.25572], [-4.12422, 9.26223], [-4.14526, 9.24862], [-4.15914, 9.23642], [-4.16066, 9.23114], [-4.16692, 9.22857], [-4.19404, 9.2518], [-4.19682, 9.26082], [-4.19292, 9.27022], [-4.17854, 9.27791], [-4.1696, 9.28783], [-4.20862, 9.34628], [-4.18624, 9.36432], [-4.18574, 9.38176], [-4.1776, 9.39205], [-4.18026, 9.40329], [-4.19169, 9.40578], [-4.1966, 9.41491], [-4.19138, 9.45106], [-4.2315, 9.47786], [-4.24291, 9.50218], [-4.23902, 9.52379], [-4.24049, 9.53634], [-4.25501, 9.54151], [-4.26455, 9.55267], [-4.27565, 9.55694], [-4.29876, 9.58994], [-4.30704, 9.59485], [-4.30649, 9.60094], [-4.29125, 9.61916], [-4.28209, 9.63776], [-4.28384, 9.65435], [-4.28082, 9.66376], [-4.28329, 9.6693], [-4.2712, 9.67926], [-4.28044, 9.68975], [-4.27781, 9.69259], [-4.26873, 9.69264], [-4.27068, 9.7025], [-4.26485, 9.71291], [-4.26802, 9.72292], [-4.25808, 9.7295], [-4.26123, 9.7342], [-4.27289, 9.73559], [-4.26716, 9.74357], [-4.26454, 9.75536], [-4.25506, 9.75297], [-4.24381, 9.76402], [-4.1911, 9.77383], [-4.1802, 9.78327], [-4.16353, 9.81299], [-4.14313, 9.82138], [-4.13008, 9.84567], [-4.12352, 9.84677], [-4.09024, 9.81866], [-4.04557, 9.80815], [-4.03705, 9.81474], [-4.0214, 9.83614], [-3.99448, 9.83418], [-3.98767, 9.83017], [-3.96949, 9.83384], [-3.96607, 9.84079], [-3.97092, 9.84428], [-3.97198, 9.85011], [-3.96375, 9.87074], [-3.95368, 9.87749], [-3.9298, 9.87514], [-3.91746, 9.88162], [-3.90733, 9.88261], [-3.89207, 9.90571], [-3.82966, 9.89936], [-3.81727, 9.90445], [-3.79792, 9.89618], [-3.77719, 9.92372], [-3.77172, 9.92627], [-3.70607, 9.93582], [-3.66956, 9.9283], [-3.65461, 9.9323], [-3.62729, 9.95804], [-3.61343, 9.95807], [-3.59332, 9.93785], [-3.56012, 9.93826], [-3.53055, 9.93252], [-3.48494, 9.93187], [-3.46707, 9.93624], [-3.42837, 9.92001], [-3.41634, 9.92798], [-3.40795, 9.92944], [-3.38715, 9.92657], [-3.37583, 9.92296], [-3.36122, 9.90742], [-3.34699, 9.9049], [-3.32546, 9.90456], [-3.30978, 9.90965], [-3.30649, 9.90603], [-3.3112, 9.87021], [-3.26866, 9.84633], [-3.26064, 9.86226], [-3.2434, 9.87539], [-3.2307, 9.89368], [-3.21596, 9.90158], [-3.19688, 9.93251], [-3.18768, 9.93763], [-3.1886, 9.88105], [-3.18203, 9.83484], [-3.17437, 9.83376], [-3.15103, 9.85005], [-3.14519, 9.85042], [-3.13863, 9.84861], [-3.09156, 9.81281], [-3.08864, 9.80811], [-3.08863, 9.7712], [-3.05653, 9.72526], [-3.04668, 9.72417], [-3.0372, 9.7343], [-3.00985, 9.74082], [-3.00073, 9.73937], [-2.96682, 9.65181], [-2.94568, 9.62286], [-2.93548, 9.5798], [-2.82729, 9.45204], [-2.78832, 9.41982], [-2.75809, 9.40822], [-2.68342, 9.48821], [-2.68994, 9.43316], [-2.68739, 9.42141], [-2.67771, 9.40577], [-2.67485, 9.37916], [-2.68113, 9.35996], [-2.69968, 9.34799], [-2.70347, 9.33897], [-2.7209, 9.33132], [-2.72432, 9.32003], [-2.72151, 9.30181], [-2.71502, 9.29119], [-2.70557, 9.28348], [-2.68175, 9.28075], [-2.66323, 9.26075], [-2.65901, 9.25167], [-2.66728, 9.23709], [-2.69328, 9.22602], [-2.71519, 9.20425], [-2.72215, 9.17633], [-2.73398, 9.15723], [-2.74472, 9.15166], [-2.76526, 9.1484], [-2.77495, 9.14129], [-2.77615, 9.13342], [-2.76747, 9.11894], [-2.76229, 9.08864], [-2.76919, 9.07375], [-2.78071, 9.06248], [-2.78162, 9.05451], [-2.77096, 9.03903], [-2.75518, 9.02982], [-2.7183, 9.02904], [-2.67216, 9.0182], [-2.66328, 9.01329], [-2.65614, 8.99899], [-2.65768, 8.97795], [-2.65128, 8.94169], [-2.64595, 8.93573], [-2.62729, 8.92788], [-2.61753, 8.91676], [-2.62139, 8.87215], [-2.5997, 8.83486], [-2.59628, 8.82328], [-2.59946, 8.81825], [-2.62506, 8.80439], [-2.62852, 8.79112], [-2.62512, 8.78395], [-2.6154, 8.7812], [-2.59061, 8.78606], [-2.5831, 8.78338], [-2.49231, 8.21029], [-2.49414, 8.20197], [-2.54685, 8.15319], [-2.55738, 8.14705], [-2.60349, 8.1547], [-2.6213, 8.13264], [-2.62528, 8.10482], [-2.59523, 8.05735], [-2.59415, 8.05156], [-2.60143, 8.03094], [-2.60652, 8.02661], [-2.6577, 8.02484], [-2.6842, 8.01509], [-2.68965, 8.00931], [-2.69015, 7.99678], [-2.70316, 7.98727], [-2.72852, 7.95683], [-2.74484, 7.91973], [-2.75034, 7.92188], [-2.76555, 7.94586], [-2.7827, 7.95201], [-2.79172, 7.86518], [-2.83456, 7.81888], [-2.8313, 7.80079], [-2.85199, 7.78379], [-2.85308, 7.76921], [-2.92675, 7.61555], [-2.9351, 7.55186], [-2.93366, 7.50373], [-2.95106, 7.44909], [-2.95941, 7.39554], [-2.96484, 7.38432], [-2.96593, 7.36587], [-2.97318, 7.33728], [-2.97644, 7.33438], [-2.97862, 7.26671], [-2.9558, 7.23378], [-3.02572, 7.14078], [-3.03514, 7.07709], [-3.07993, 7.05667], [-3.11459, 7.09515], [-3.13409, 7.12431], [-3.15679, 7.14678], [-3.18631, 7.16883], [-3.19596, 7.16707], [-3.20425, 7.17458], [-3.20127, 7.18004], [-3.20368, 7.18473], [-3.21534, 7.18666], [-3.22312, 7.18354], [-3.22232, 7.21205], [-3.23866, 7.22602], [-3.24696, 7.2425], [-3.25178, 7.31092], [-3.24942, 7.32036], [-3.25498, 7.32536], [-3.28575, 7.33203], [-3.31409, 7.32727], [-3.31396, 7.32026], [-3.29908, 7.30597], [-3.29831, 7.28525], [-3.30219, 7.2824], [-3.31972, 7.28327], [-3.32709, 7.27456], [-3.34484, 7.27274], [-3.34775, 7.26646], [-3.35606, 7.2646], [-3.37897, 7.2498], [-3.40321, 7.29307], [-3.4297, 7.30582], [-3.43399, 7.32494], [-3.44176, 7.32907], [-3.43893, 7.33756], [-3.44446, 7.34193], [-3.45023, 7.3366], [-3.45394, 7.33853], [-3.45486, 7.35118], [-3.46203, 7.35236], [-3.45788, 7.34569], [-3.46331, 7.34155], [-3.46597, 7.34271], [-3.46698, 7.35328], [-3.47223, 7.34368], [-3.47976, 7.35655], [-3.48253, 7.35294], [-3.48148, 7.3434], [-3.49603, 7.34811], [-3.50078, 7.35441], [-3.51523, 7.35367], [-3.51767, 7.36697]]]}}, {"type": "Feature", "properties": {"shapeID": "83157122B73612976130091", "shapeName": "Lagunes"}, "geometry": {"type": "Polygon", "coordinates": [[[-5.49885, 5.10371], [-5.49642, 5.10467], [-5.49762, 5.10927], [-5.50684, 5.11419], [-5.50706, 5.12854], [-5.50011, 5.13395], [-5.49824, 5.17278], [-5.49429, 5.18046], [-5.47514, 5.18271], [-5.46176, 5.19673], [-5.45654, 5.22749], [-5.46342, 5.25218], [-5.45884, 5.26165], [-5.43994, 5.26059], [-5.43533, 5.2568], [-5.43269, 5.26884], [-5.42224, 5.27105], [-5.41431, 5.26455], [-5.40422, 5.26193], [-5.39821, 5.25727], [-5.3983, 5.25025], [-5.40557, 5.22131], [-5.38442, 5.22192], [-5.37004, 5.21733], [-5.30787, 5.1596], [-5.28276, 5.17638], [-5.23292, 5.17794], [-5.19278, 5.20767], [-5.19326, 5.21431], [-5.18565, 5.22266], [-5.18827, 5.23278], [-5.12693, 5.237], [-5.12815, 5.21301], [-5.13547, 5.19341], [-5.10745, 5.17311], [-5.06769, 5.19271], [-5.06762, 5.2345], [-5.04961, 5.2422], [-5.04683, 5.25281], [-5.04089, 5.25958], [-5.03229, 5.26293], [-5.02949, 5.27111], [-5.06425, 5.31095], [-5.06833, 5.32397], [-5.05611, 5.33251], [-5.06224, 5.3623], [-5.05693, 5.36614], [-5.05915, 5.37072], [-5.05453, 5.37472], [-5.05444, 5.38994], [-5.05046, 5.3973], [-5.04614, 5.39854], [-5.04399, 5.4225], [-5.02989, 5.44228], [-5.02675, 5.46027], [-5.02275, 5.46249], [-5.0198, 5.47499], [-5.02044, 5.48514], [-5.00881, 5.49976], [-5.01109, 5.52118], [-5.01647, 5.52982], [-5.01208, 5.53907], [-5.01755, 5.54626], [-5.021, 5.56187], [-5.02927, 5.56446], [-5.03513, 5.57763], [-5.02296, 5.59207], [-5.01344, 5.59723], [-5.00188, 5.62049], [-5.00222, 5.62789], [-4.99647, 5.63535], [-4.98764, 5.63521], [-4.98109, 5.6406], [-4.96362, 5.6437], [-4.95637, 5.65802], [-4.95044, 5.6602], [-4.95174, 5.66899], [-4.94332, 5.67319], [-4.93963, 5.68037], [-4.95768, 5.7002], [-4.96, 5.71016], [-4.97246, 5.72999], [-4.97392, 5.74354], [-4.97022, 5.75419], [-4.9752, 5.76229], [-4.96827, 5.77144], [-4.9589, 5.7751], [-4.9613, 5.78073], [-4.95637, 5.7933], [-4.95619, 5.80807], [-4.94743, 5.81202], [-4.94398, 5.81914], [-4.94061, 5.81658], [-4.94263, 5.84471], [-4.93586, 5.85472], [-4.94652, 5.8629], [-4.95618, 5.86493], [-4.97141, 5.8784], [-4.98448, 5.88013], [-4.99314, 5.88844], [-4.99868, 5.9463], [-4.99867, 6.00096], [-5.00192, 5.99897], [-5.01802, 6.00766], [-5.03725, 6.03617], [-5.0032, 6.06406], [-4.99125, 6.08857], [-5.01832, 6.13113], [-5.1426, 6.15504], [-5.24083, 6.24206], [-5.20287, 6.37298], [-5.18118, 6.36825], [-5.14101, 6.33122], [-5.12646, 6.31236], [-5.11622, 6.30824], [-5.09087, 6.28499], [-5.0743, 6.28589], [-5.0376, 6.29642], [-5.02531, 6.28909], [-5.0263, 6.28005], [-5.03455, 6.2694], [-5.04365, 6.26402], [-5.04019, 6.24294], [-5.03453, 6.23517], [-5.00685, 6.24022], [-4.99868, 6.23819], [-4.95764, 6.25701], [-4.93175, 6.26089], [-4.82583, 6.23463], [-4.81586, 6.23841], [-4.82171, 6.24581], [-4.8179, 6.25174], [-4.80491, 6.24134], [-4.78219, 6.23952], [-4.75037, 6.24528], [-4.73931, 6.25102], [-4.72963, 6.25039], [-4.72781, 6.25612], [-4.71955, 6.25849], [-4.70534, 6.27233], [-4.70415, 6.27967], [-4.69916, 6.27351], [-4.68834, 6.26882], [-4.68451, 6.27179], [-4.49966, 6.24211], [-4.48163, 6.26415], [-4.46844, 6.26788], [-4.45762, 6.25187], [-4.44292, 6.25597], [-4.4335, 6.25367], [-4.41643, 6.26445], [-4.40109, 6.26087], [-4.39049, 6.26492], [-4.35755, 6.2618], [-4.34599, 6.2674], [-4.33133, 6.26551], [-4.30289, 6.2682], [-4.27715, 6.26462], [-4.26814, 6.25853], [-4.26798, 6.24704], [-4.26026, 6.23152], [-4.25354, 6.22583], [-4.24916, 6.21112], [-4.24507, 6.20869], [-4.24555, 6.1972], [-4.23666, 6.18637], [-4.15901, 6.23057], [-4.11543, 6.26119], [-4.1624, 6.33543], [-4.13865, 6.47187], [-4.0918, 6.49303], [-4.0797, 6.4815], [-4.06055, 6.50407], [-4.02516, 6.52164], [-3.98493, 6.55351], [-3.9759, 6.55707], [-3.95695, 6.53983], [-3.94293, 6.54022], [-3.90198, 6.55325], [-3.88114, 6.53396], [-3.8692, 6.53617], [-3.84891, 6.5336], [-3.8348, 6.55217], [-3.82902, 6.56938], [-3.82103, 6.57649], [-3.79877, 6.58445], [-3.78521, 6.60405], [-3.77253, 6.61092], [-3.77197, 6.61599], [-3.76158, 6.62892], [-3.75346, 6.62653], [-3.74192, 6.62966], [-3.73409, 6.62447], [-3.72646, 6.62426], [-3.70445, 6.64301], [-3.68683, 6.64096], [-3.68227, 6.63261], [-3.68308, 6.62502], [-3.69538, 6.60965], [-3.6954, 6.6033], [-3.69159, 6.60021], [-3.69374, 6.58605], [-3.68848, 6.5807], [-3.67901, 6.58034], [-3.6648, 6.56932], [-3.66702, 6.53972], [-3.65356, 6.53107], [-3.65361, 6.51805], [-3.64238, 6.48488], [-3.65367, 6.46138], [-3.65078, 6.44465], [-3.63662, 6.44072], [-3.62715, 6.45252], [-3.61644, 6.44463], [-3.61281, 6.43918], [-3.61004, 6.41196], [-3.59726, 6.39928], [-3.59117, 6.38662], [-3.58779, 6.38759], [-3.58491, 6.39613], [-3.57883, 6.39924], [-3.5672, 6.39402], [-3.54931, 6.3781], [-3.54187, 6.38392], [-3.5469, 6.39205], [-3.54585, 6.39583], [-3.53815, 6.39958], [-3.51191, 6.37882], [-3.51433, 6.37539], [-3.51265, 6.36713], [-3.51807, 6.35472], [-3.51383, 6.34986], [-3.50711, 6.35204], [-3.50558, 6.34877], [-3.509, 6.32784], [-3.47832, 6.29763], [-3.47365, 6.26215], [-3.45209, 6.24932], [-3.44924, 6.24238], [-3.45035, 6.23777], [-3.45752, 6.23672], [-3.47206, 6.24566], [-3.48066, 6.2444], [-3.48803, 6.23252], [-3.4871, 6.21813], [-3.46479, 6.19674], [-3.46499, 6.17972], [-3.46106, 6.17369], [-3.45087, 6.17225], [-3.44446, 6.17631], [-3.44473, 6.18104], [-3.45303, 6.18861], [-3.45241, 6.19537], [-3.43201, 6.1976], [-3.42252, 6.18394], [-3.41479, 6.15993], [-3.40205, 6.14603], [-3.40134, 6.13491], [-3.41362, 6.13599], [-3.41746, 6.12713], [-3.41474, 6.11365], [-3.40226, 6.10176], [-3.40061, 6.09571], [-3.40371, 6.09226], [-3.42613, 6.08716], [-3.43113, 6.07021], [-3.42662, 6.06286], [-3.41822, 6.06692], [-3.41242, 6.06478], [-3.41286, 6.05855], [-3.42141, 6.04922], [-3.41005, 6.04017], [-3.40556, 6.02536], [-3.39678, 6.01332], [-3.40783, 6.00723], [-3.40599, 5.99505], [-3.41055, 5.97676], [-3.43148, 5.97336], [-3.44296, 5.96488], [-3.43723, 5.93843], [-3.44704, 5.93264], [-3.45222, 5.91761], [-3.45616, 5.91503], [-3.45566, 5.90975], [-3.45089, 5.90419], [-3.44213, 5.90703], [-3.42549, 5.89605], [-3.41357, 5.89803], [-3.39501, 5.8907], [-3.36601, 5.89276], [-3.32101, 5.9046], [-3.32299, 5.88813], [-3.34741, 5.8686], [-3.35446, 5.86691], [-3.37556, 5.87397], [-3.38498, 5.87024], [-3.39606, 5.84905], [-3.3965, 5.81339], [-3.40199, 5.79595], [-3.4076, 5.79526], [-3.41607, 5.80014], [-3.42134, 5.79837], [-3.43146, 5.80408], [-3.43585, 5.7958], [-3.43354, 5.79048], [-3.42754, 5.78813], [-3.42682, 5.78173], [-3.43613, 5.77562], [-3.4383, 5.76022], [-3.42471, 5.74856], [-3.37897, 5.73802], [-3.37249, 5.74096], [-3.37094, 5.73389], [-3.29934, 5.72493], [-3.32224, 5.65922], [-3.32911, 5.6607], [-3.33813, 5.65303], [-3.33189, 5.63686], [-3.35438, 5.65122], [-3.36527, 5.64829], [-3.37801, 5.65072], [-3.39693, 5.63637], [-3.41611, 5.63037], [-3.41821, 5.62549], [-3.416, 5.62128], [-3.42485, 5.60076], [-3.43999, 5.60177], [-3.45079, 5.59863], [-3.46515, 5.58477], [-3.49254, 5.58612], [-3.48463, 5.5707], [-3.52416, 5.54512], [-3.57276, 5.5411], [-3.57791, 5.49591], [-3.57522, 5.45215], [-3.58306, 5.4237], [-3.58168, 5.40505], [-3.58826, 5.38653], [-3.58533, 5.37123], [-3.5931, 5.35055], [-3.58904, 5.34271], [-3.60699, 5.3282], [-3.60884, 5.31345], [-3.61391, 5.30452], [-3.61907, 5.30449], [-3.62515, 5.29758], [-3.6222, 5.27669], [-3.6157, 5.26794], [-3.62839, 5.2536], [-3.63892, 5.25157], [-3.65118, 5.26002], [-3.66443, 5.26074], [-3.67142, 5.25491], [-3.67669, 5.23912], [-3.68385, 5.23199], [-3.68982, 5.2304], [-3.70711, 5.2367], [-3.71542, 5.2308], [-3.72789, 5.25508], [-3.72697, 5.27121], [-3.71967, 5.28272], [-3.71733, 5.30084], [-3.74583, 5.31283], [-3.74606, 5.32793], [-3.74962, 5.33296], [-3.76826, 5.33864], [-3.76795, 5.34423], [-3.75976, 5.35458], [-3.75988, 5.36233], [-3.76469, 5.36835], [-3.77919, 5.37436], [-3.78702, 5.36787], [-3.80764, 5.3813], [-3.81716, 5.38097], [-3.82236, 5.37687], [-3.82202, 5.37068], [-3.81655, 5.36666], [-3.82929, 5.37301], [-3.82853, 5.38187], [-3.83366, 5.3872], [-3.82906, 5.39062], [-3.82989, 5.39897], [-3.82221, 5.40659], [-3.82234, 5.41462], [-3.81711, 5.41611], [-3.82063, 5.42147], [-3.81554, 5.42461], [-3.81976, 5.42695], [-3.81822, 5.43225], [-3.82405, 5.43362], [-3.82726, 5.42989], [-3.8283, 5.43948], [-3.8348, 5.43866], [-3.83804, 5.45443], [-3.83142, 5.45667], [-3.82888, 5.46346], [-3.83649, 5.47179], [-3.83191, 5.47471], [-3.83671, 5.48506], [-3.84407, 5.48475], [-3.84251, 5.48716], [-3.84639, 5.48868], [-3.84429, 5.49418], [-3.84807, 5.49749], [-3.84769, 5.5032], [-3.85362, 5.50548], [-3.85295, 5.50909], [-3.86335, 5.50283], [-3.86783, 5.50621], [-3.87484, 5.50118], [-3.87775, 5.51906], [-3.8843, 5.52033], [-3.89889, 5.54702], [-3.90947, 5.55508], [-3.91159, 5.55365], [-3.91477, 5.56144], [-3.91961, 5.55827], [-3.92832, 5.56078], [-3.9301, 5.56635], [-3.92747, 5.57174], [-3.94007, 5.58907], [-4.02945, 5.58239], [-4.03822, 5.58789], [-4.07149, 5.57448], [-4.08375, 5.57743], [-4.0993, 5.57573], [-4.12951, 5.58456], [-4.14396, 5.59874], [-4.15838, 5.59619], [-4.16183, 5.60092], [-4.16993, 5.60041], [-4.17933, 5.60508], [-4.19635, 5.59529], [-4.20781, 5.60052], [-4.22928, 5.6017], [-4.23561, 5.59886], [-4.24523, 5.60023], [-4.26184, 5.59414], [-4.36165, 5.58069], [-4.39306, 5.60185], [-4.46114, 5.53363], [-4.45732, 5.53007], [-4.44692, 5.53157], [-4.43656, 5.52503], [-4.41996, 5.52878], [-4.41049, 5.52256], [-4.40158, 5.52638], [-4.38551, 5.52612], [-4.37126, 5.51904], [-4.36495, 5.51187], [-4.34528, 5.50381], [-4.33785, 5.5042], [-4.33263, 5.49672], [-4.30159, 5.48434], [-4.30339, 5.47566], [-4.2991, 5.45449], [-4.29038, 5.45548], [-4.28634, 5.45118], [-4.2868, 5.43398], [-4.29055, 5.43272], [-4.29113, 5.42391], [-4.31118, 5.42008], [-4.31786, 5.40186], [-4.30631, 5.39279], [-4.29591, 5.30849], [-4.27358, 5.27502], [-4.22591, 5.27955], [-4.21407, 5.21883], [-4.3973, 5.20039], [-4.40558, 5.19722], [-4.4446, 5.19674], [-4.44814, 5.19318], [-4.58607, 5.17903], [-4.71175, 5.16095], [-4.76374, 5.14976], [-4.82876, 5.1476], [-4.86855, 5.14157], [-4.88156, 5.1435], [-4.96231, 5.13418], [-5.24241, 5.12103], [-5.36804, 5.10866], [-5.48588, 5.09005], [-5.49885, 5.10371]]]}}, {"type": "Feature", "properties": {"shapeID": "83157122B96325295181308", "shapeName": "Comoe"}, "geometry": {"type": "Polygon", "coordinates": [[[-3.85203, 5.22825], [-3.84004, 5.25352], [-3.81491, 5.25076], [-3.81813, 5.26995], [-3.80492, 5.28533], [-3.78505, 5.27149], [-3.71635, 5.29744], [-3.71967, 5.28272], [-3.72697, 5.27121], [-3.72789, 5.25508], [-3.71542, 5.2308], [-3.70711, 5.2367], [-3.68982, 5.2304], [-3.68385, 5.23199], [-3.67669, 5.23912], [-3.67142, 5.25491], [-3.66443, 5.26074], [-3.65118, 5.26002], [-3.63892, 5.25157], [-3.62839, 5.2536], [-3.6157, 5.26794], [-3.6222, 5.27669], [-3.62515, 5.29758], [-3.61907, 5.30449], [-3.61391, 5.30452], [-3.60884, 5.31345], [-3.60699, 5.3282], [-3.58904, 5.34271], [-3.5931, 5.35055], [-3.58533, 5.37123], [-3.58826, 5.38653], [-3.58168, 5.40505], [-3.58306, 5.4237], [-3.57522, 5.45215], [-3.57791, 5.49591], [-3.57276, 5.5411], [-3.52416, 5.54512], [-3.48463, 5.5707], [-3.49254, 5.58612], [-3.46515, 5.58477], [-3.45079, 5.59863], [-3.43999, 5.60177], [-3.42485, 5.60076], [-3.416, 5.62128], [-3.41821, 5.62549], [-3.41611, 5.63037], [-3.39693, 5.63637], [-3.37801, 5.65072], [-3.36527, 5.64829], [-3.35438, 5.65122], [-3.33189, 5.63686], [-3.33813, 5.65303], [-3.32911, 5.6607], [-3.32224, 5.65922], [-3.29934, 5.72493], [-3.37094, 5.73389], [-3.37249, 5.74096], [-3.37897, 5.73802], [-3.42471, 5.74856], [-3.4383, 5.76022], [-3.43613, 5.77562], [-3.42682, 5.78173], [-3.42754, 5.78813], [-3.43354, 5.79048], [-3.43585, 5.7958], [-3.43146, 5.80408], [-3.42134, 5.79837], [-3.41607, 5.80014], [-3.4076, 5.79526], [-3.40199, 5.79595], [-3.3965, 5.81339], [-3.39606, 5.84905], [-3.38498, 5.87024], [-3.37556, 5.87397], [-3.35446, 5.86691], [-3.34741, 5.8686], [-3.32299, 5.88813], [-3.32101, 5.9046], [-3.36601, 5.89276], [-3.39501, 5.8907], [-3.41357, 5.89803], [-3.42549, 5.89605], [-3.44213, 5.90703], [-3.45089, 5.90419], [-3.45566, 5.90975], [-3.45616, 5.91503], [-3.45222, 5.91761], [-3.44704, 5.93264], [-3.43723, 5.93843], [-3.44296, 5.96488], [-3.43148, 5.97336], [-3.41055, 5.97676], [-3.40599, 5.99505], [-3.40783, 6.00723], [-3.39678, 6.01332], [-3.40556, 6.02536], [-3.41005, 6.04017], [-3.42141, 6.04922], [-3.41286, 6.05855], [-3.41242, 6.06478], [-3.41822, 6.06692], [-3.42662, 6.06286], [-3.43113, 6.07021], [-3.42613, 6.08716], [-3.40371, 6.09226], [-3.40061, 6.09571], [-3.40226, 6.10176], [-3.41474, 6.11365], [-3.41746, 6.12713], [-3.41362, 6.13599], [-3.40134, 6.13491], [-3.40205, 6.14603], [-3.41479, 6.15993], [-3.42252, 6.18394], [-3.43201, 6.1976], [-3.45241, 6.19537], [-3.45303, 6.18861], [-3.44473, 6.18104], [-3.44446, 6.17631], [-3.45087, 6.17225], [-3.46106, 6.17369], [-3.46499, 6.17972], [-3.46479, 6.19674], [-3.4871, 6.21813], [-3.48803, 6.23252], [-3.48066, 6.2444], [-3.47206, 6.24566], [-3.45752, 6.23672], [-3.45035, 6.23777], [-3.44924, 6.24238], [-3.45209, 6.24932], [-3.47365, 6.26215], [-3.47832, 6.29763], [-3.509, 6.32784], [-3.50558, 6.34877], [-3.50711, 6.35204], [-3.51383, 6.34986], [-3.51807, 6.35472], [-3.51265, 6.36713], [-3.51433, 6.37539], [-3.51191, 6.37882], [-3.53815, 6.39958], [-3.54585, 6.39583], [-3.5469, 6.39205], [-3.54187, 6.38392], [-3.54931, 6.3781], [-3.5672, 6.39402], [-3.57883, 6.39924], [-3.58491, 6.39613], [-3.58779, 6.38759], [-3.59117, 6.38662], [-3.59726, 6.39928], [-3.61004, 6.41196], [-3.61281, 6.43918], [-3.61644, 6.44463], [-3.62715, 6.45252], [-3.63662, 6.44072], [-3.65078, 6.44465], [-3.65367, 6.46138], [-3.64238, 6.48488], [-3.65361, 6.51805], [-3.65356, 6.53107], [-3.66702, 6.53972], [-3.6648, 6.56932], [-3.67901, 6.58034], [-3.68848, 6.5807], [-3.69374, 6.58605], [-3.69159, 6.60021], [-3.6954, 6.6033], [-3.69538, 6.60965], [-3.68308, 6.62502], [-3.68227, 6.63261], [-3.68683, 6.64096], [-3.70445, 6.64301], [-3.72646, 6.62426], [-3.73409, 6.62447], [-3.74192, 6.62966], [-3.75346, 6.62653], [-3.76158, 6.62892], [-3.77197, 6.61599], [-3.77955, 6.62897], [-3.77621, 6.64366], [-3.78447, 6.64799], [-3.78753, 6.66089], [-3.8019, 6.67433], [-3.79678, 6.68015], [-3.78651, 6.68362], [-3.7797, 6.6957], [-3.76889, 6.70138], [-3.77715, 6.71568], [-3.77706, 6.7221], [-3.7918, 6.73223], [-3.79213, 6.74275], [-3.8004, 6.76231], [-3.77705, 6.774], [-3.76336, 6.77334], [-3.76142, 6.78153], [-3.76539, 6.79102], [-3.76439, 6.79896], [-3.75816, 6.80987], [-3.74956, 6.81655], [-3.75478, 6.82784], [-3.77131, 6.83917], [-3.7822, 6.8564], [-3.77068, 6.8777], [-3.74912, 6.90555], [-3.7403, 6.90991], [-3.73631, 6.92127], [-3.74728, 6.94084], [-3.74185, 6.95457], [-3.74841, 6.95707], [-3.75465, 6.95505], [-3.76306, 6.94498], [-3.77098, 6.92811], [-3.77504, 6.92623], [-3.77968, 6.92901], [-3.78575, 6.94171], [-3.78491, 6.96993], [-3.77185, 6.99063], [-3.75916, 7.00104], [-3.73438, 7.00818], [-3.71836, 7.00259], [-3.71748, 7.02267], [-3.68993, 7.03904], [-3.67902, 7.05016], [-3.66287, 7.05315], [-3.64334, 7.04611], [-3.63859, 7.04728], [-3.62212, 7.06856], [-3.6314, 7.08274], [-3.62773, 7.09095], [-3.59344, 7.07717], [-3.58679, 7.06758], [-3.58678, 7.06183], [-3.58313, 7.06413], [-3.58779, 7.08179], [-3.57885, 7.0949], [-3.57071, 7.10038], [-3.57128, 7.10446], [-3.57475, 7.10796], [-3.58501, 7.10674], [-3.59224, 7.10063], [-3.60962, 7.10533], [-3.64611, 7.12892], [-3.64601, 7.14516], [-3.65408, 7.17297], [-3.65175, 7.1939], [-3.64737, 7.20107], [-3.64201, 7.20199], [-3.61856, 7.1932], [-3.61216, 7.17976], [-3.5954, 7.18688], [-3.57912, 7.22867], [-3.58516, 7.24309], [-3.59564, 7.2551], [-3.59614, 7.27615], [-3.59269, 7.28147], [-3.58186, 7.28314], [-3.55047, 7.27734], [-3.5347, 7.28626], [-3.53236, 7.2923], [-3.54256, 7.29364], [-3.55876, 7.30261], [-3.5634, 7.31438], [-3.53713, 7.34591], [-3.53334, 7.34273], [-3.52678, 7.34968], [-3.52013, 7.35088], [-3.51964, 7.35405], [-3.50078, 7.35441], [-3.49603, 7.34811], [-3.48148, 7.3434], [-3.48253, 7.35294], [-3.47976, 7.35655], [-3.47223, 7.34368], [-3.46698, 7.35328], [-3.46597, 7.34271], [-3.46331, 7.34155], [-3.45788, 7.34569], [-3.46203, 7.35236], [-3.45486, 7.35118], [-3.45394, 7.33853], [-3.45023, 7.3366], [-3.44446, 7.34193], [-3.43893, 7.33756], [-3.44176, 7.32907], [-3.43399, 7.32494], [-3.4297, 7.30582], [-3.40321, 7.29307], [-3.37897, 7.2498], [-3.35606, 7.2646], [-3.34775, 7.26646], [-3.34484, 7.27274], [-3.32709, 7.27456], [-3.31972, 7.28327], [-3.30219, 7.2824], [-3.29831, 7.28525], [-3.29908, 7.30597], [-3.31396, 7.32026], [-3.31409, 7.32727], [-3.28575, 7.33203], [-3.26014, 7.32813], [-3.24942, 7.32036], [-3.25178, 7.31092], [-3.24696, 7.2425], [-3.23866, 7.22602], [-3.22232, 7.21205], [-3.22312, 7.18354], [-3.21534, 7.18666], [-3.20368, 7.18473], [-3.20127, 7.18004], [-3.20425, 7.17458], [-3.19596, 7.16707], [-3.18631, 7.16883], [-3.15679, 7.14678], [-3.13409, 7.12431], [-3.11459, 7.09515], [-3.07993, 7.05667], [-3.09562, 7.0485], [-3.23458, 6.82047], [-3.23347, 6.77126], [-3.20957, 6.75056], [-3.21608, 6.74223], [-3.20848, 6.72849], [-3.22005, 6.70315], [-3.22801, 6.69555], [-3.22981, 6.68179], [-3.23451, 6.67383], [-3.23415, 6.66478], [-3.24391, 6.65863], [-3.25223, 6.64777], [-3.26073, 6.61181], [-3.23846, 6.59756], [-3.24205, 6.54146], [-3.20581, 6.39745], [-3.17322, 6.29361], [-3.1761, 6.24681], [-3.15693, 6.24367], [-3.11099, 6.15611], [-3.08277, 5.99869], [-3.02313, 5.84815], [-3.03613, 5.71425], [-2.95557, 5.70955], [-2.97038, 5.6303], [-2.95449, 5.61184], [-2.9386, 5.61039], [-2.91693, 5.62305], [-2.90609, 5.62414], [-2.90067, 5.64006], [-2.88297, 5.64766], [-2.87358, 5.65924], [-2.8696, 5.65923], [-2.86202, 5.64186], [-2.82194, 5.61941], [-2.80893, 5.61724], [-2.80857, 5.61326], [-2.79449, 5.61542], [-2.7768, 5.59769], [-2.76524, 5.59515], [-2.76241, 5.44569], [-2.72741, 5.38704], [-2.7332, 5.35122], [-2.72635, 5.33529], [-2.75379, 5.33784], [-2.76461, 5.34834], [-2.77581, 5.33314], [-2.7668, 5.30853], [-2.76752, 5.29406], [-2.77655, 5.28682], [-2.79424, 5.28248], [-2.77114, 5.26366], [-2.77042, 5.25932], [-2.77584, 5.25353], [-2.75707, 5.24592], [-2.76105, 5.23108], [-2.75672, 5.22276], [-2.75745, 5.21516], [-2.76359, 5.20322], [-2.7589, 5.19707], [-2.75132, 5.19525], [-2.74122, 5.16738], [-2.73979, 5.14856], [-2.725, 5.13046], [-2.72861, 5.1254], [-2.73402, 5.12431], [-2.74377, 5.10731], [-2.75171, 5.10876], [-2.75821, 5.09356], [-2.77625, 5.10587], [-2.79213, 5.09937], [-2.81739, 5.10227], [-2.83363, 5.11458], [-2.8376, 5.11385], [-2.84085, 5.10372], [-2.84663, 5.10119], [-2.85998, 5.11386], [-2.88163, 5.12074], [-2.90437, 5.11314], [-2.90689, 5.1088], [-2.90689, 5.10482], [-2.89101, 5.10952], [-2.88668, 5.10337], [-2.88668, 5.09505], [-2.89427, 5.08274], [-2.90004, 5.08057], [-2.91231, 5.08528], [-2.92061, 5.10229], [-2.9253, 5.10374], [-2.93143, 5.09867], [-2.92891, 5.08745], [-2.94298, 5.08492], [-2.94912, 5.07479], [-2.97979, 5.08022], [-3.00758, 5.10591], [-3.02382, 5.1117], [-3.05089, 5.11206], [-3.05161, 5.10844], [-3.06965, 5.11496], [-3.07687, 5.10663], [-3.08517, 5.10663], [-3.08409, 5.11098], [-3.09131, 5.11314], [-3.09383, 5.10735], [-3.09924, 5.10735], [-3.0978, 5.11351], [-3.10105, 5.11351], [-3.10141, 5.10989], [-3.11079, 5.11568], [-3.10935, 5.11061], [-3.11945, 5.10952], [-3.11352, 5.08508], [-3.25861, 5.11464], [-3.27951, 5.11543], [-3.36941, 5.1363], [-3.48534, 5.15636], [-3.53305, 5.16106], [-3.56657, 5.16063], [-3.6336, 5.17202], [-3.8158, 5.20813], [-3.85141, 5.22148], [-3.85203, 5.22825]]]}}]}